Date,Open,High,Low,Close,sqrt(close),change,unemployment,,
8/29/97,"7,622.42","7,729.73","7,580.85","7,622.42",87.3064717,,,,
8/28/97,"7,694.43","7,831.70","7,634.50","7,694.43",87.71790011,,,,
8/27/97,"7,787.33","7,850.51","7,666.55","7,787.33",88.24584976,,,,
8/26/97,"7,782.22","7,891.62","7,734.61","7,782.22",88.21689181,,,,
8/25/97,"7,859.57","7,974.08","7,791.75","7,859.57",88.65421592,,,,
8/22/97,"7,887.91","7,904.86","7,695.36","7,887.91",88.81390657,,,,
8/21/97,"7,893.95","8,043.06","7,834.02","7,893.95",88.84790375,,,,
8/20/97,"8,021.23","8,037.95","7,870.95","8,021.23",89.56131978,,,,
8/19/97,"7,918.10","7,947.37","7,776.65","7,918.10",88.98370637,,,,
8/18/97,"7,803.36","7,847.49","7,588.28","7,803.36",88.33662887,,,,
8/15/97,"7,694.66","7,919.26","7,685.14","7,694.66",87.71921112,,,,
8/14/97,"7,942.03","8,027.73","7,843.54","7,942.03",89.11806775,,,,
8/13/97,"7,928.32","8,075.58","7,848.19","7,928.32",89.0411141,,,,
8/12/97,"7,960.84","8,132.49","7,926.46","7,960.84",89.22353949,,,,
8/11/97,"8,062.11","8,122.27","7,922.52","8,062.11",89.78925325,,,,
8/8/97,"8,031.22","8,170.58","7,961.07","8,031.22",89.61707427,,,,
8/7/97,"8,188.00","8,340.14","8,158.73","8,188.00",90.48756821,,,,
8/6/97,"8,259.31","8,302.05","8,130.63","8,259.31",90.88074604,,,,
8/5/97,"8,187.54","8,251.88","8,129.93","8,187.54",90.48502639,,,,
8/4/97,"8,198.45","8,261.40","8,097.65","8,198.45",90.54529253,,,,
8/1/97,"8,194.04","8,287.65","8,062.11","8,194.04",90.5209368,0.120188548,4.8,,
7/31/97,"8,222.61","8,328.99","8,160.36","8,222.61",90.67860828,,,,
7/30/97,"8,254.89","8,313.19","8,156.88","8,254.89",90.8564252,,,COEFF,-0.320142537
7/29/97,"8,174.53","8,232.36","8,049.34","8,174.53",90.41310746,,,,
7/28/97,"8,121.11","8,221.68","8,051.89","8,121.11",90.11720147,,,,
7/25/97,"8,113.44","8,200.31","8,037.95","8,113.44",90.07463572,,,,
7/24/97,"8,116.93","8,174.53","7,968.51","8,116.93",90.09400646,,,,
7/23/97,"8,088.36","8,199.15","8,024.95","8,088.36",89.93531008,,,,
7/22/97,"8,061.65","8,093.93","7,870.72","8,061.65",89.78669166,,,,
7/21/97,"7,906.72","7,981.51","7,783.85","7,906.72",88.91973909,,,,
7/18/97,"7,890.46","8,057.23","7,829.61","7,890.46",88.82826127,,,,
7/17/97,"8,020.77","8,136.67","7,910.67","8,020.77",89.55875167,,,,
7/16/97,"8,038.88","8,108.10","7,919.73","8,038.88",89.65980147,,,,
7/15/97,"7,975.71","8,037.03","7,843.78","7,975.71",89.30683065,,,,
7/14/97,"7,922.98","8,001.26","7,831.00","7,922.98",89.0111229,,,,
7/11/97,"7,921.82","7,984.02","7,837.68","7,921.82",89.00460662,,,,
7/10/97,"7,886.76","7,953.94","7,777.06","7,886.76",88.80743212,,,,
7/9/97,"7,842.43","8,027.67","7,775.48","7,842.43",88.55749545,,,,
7/8/97,"7,962.31","8,000.08","7,824.33","7,962.31",89.23177685,,,,
7/7/97,"7,858.49","7,983.79","7,805.34","7,858.49",88.64812463,,,,
7/3/97,"7,895.81","7,952.35","7,805.79","7,895.81",88.85837046,,,,
7/2/97,"7,795.38","7,814.38","7,648.14","7,795.38",88.29144919,,,,
7/1/97,"7,722.33","7,801.04","7,613.53","7,722.33",87.87678874,0.118990744,4.9,,
6/30/97,"7,672.79","7,768.01","7,571.46","7,672.79",87.5944633,,,,
6/27/97,"7,687.72","7,793.12","7,627.33","7,687.72",87.67964416,,,,
6/26/97,"7,654.25","7,754.22","7,581.64","7,654.25",87.48857068,,,,
6/25/97,"7,689.98","7,832.48","7,615.57","7,689.98",87.69253104,,,,
6/24/97,"7,758.06","7,787.01","7,602.90","7,758.06",88.07985014,,,,
6/23/97,"7,604.26","7,816.87","7,592.04","7,604.26",87.20240822,,,,
6/20/97,"7,796.51","7,868.44","7,733.64","7,796.51",88.29784822,,,,
6/19/97,"7,777.06","7,834.51","7,697.45","7,777.06",88.18764086,,,,
6/18/97,"7,718.71","7,789.28","7,651.30","7,718.71",87.85618931,,,,
6/17/97,"7,760.78","7,834.97","7,680.71","7,760.78",88.09528932,,,,
6/16/97,"7,772.09","7,829.99","7,712.37","7,772.09",88.1594578,,,,
6/13/97,"7,782.04","7,829.08","7,683.42","7,782.04",88.21587159,,,,
6/12/97,"7,711.47","7,741.42","7,569.66","7,711.47",87.81497594,,,,
6/11/97,"7,575.83","7,633.96","7,476.29","7,575.83",87.03924402,,,,
6/10/97,"7,539.27","7,599.61","7,459.12","7,539.27",86.82896982,,,,
6/9/97,"7,478.50","7,548.52","7,412.44","7,478.50",86.47832098,,,,
6/6/97,"7,435.78","7,473.98","7,290.26","7,435.78",86.23096891,,,,
6/5/97,"7,305.29","7,376.97","7,241.33","7,305.29",85.47098923,,,,
6/4/97,"7,269.66","7,350.36","7,214.29","7,269.66",85.26230117,,,,
6/3/97,"7,312.15","7,379.98","7,225.02","7,312.15",85.51111039,,,,
6/2/97,"7,289.40","7,383.84","7,244.76","7,289.40",85.37798311,0.088221791,5.0,,
5/30/97,"7,331.04","7,385.98","7,203.99","7,331.04",85.62149263,,,,
5/29/97,"7,330.18","7,404.44","7,272.24","7,330.18",85.61647038,,,,
5/28/97,"7,357.23","7,430.20","7,287.26","7,357.23",85.77429685,,,,
5/27/97,"7,383.41","7,421.32","7,276.68","7,383.41",85.92677115,,,,
5/23/97,"7,345.91","7,382.58","7,260.61","7,345.91",85.70828431,,,,
5/22/97,"7,258.13","7,348.79","7,210.33","7,258.13",85.19465946,,,,
5/21/97,"7,290.69","7,385.47","7,218.99","7,290.69",85.38553742,,,,
5/20/97,"7,303.46","7,336.02","7,123.38","7,303.46",85.46028317,,,,
5/19/97,"7,228.88","7,274.21","7,140.69","7,228.88",85.02282047,,,,
5/16/97,"7,194.67","7,332.31","7,170.77","7,194.67",84.8214006,,,,
5/15/97,"7,333.55","7,363.63","7,225.99","7,333.55",85.63614891,,,,
5/14/97,"7,286.16","7,381.76","7,238.35","7,286.16",85.35900655,,,,
5/13/97,"7,274.21","7,350.85","7,211.16","7,274.21",85.28897936,,,,
5/12/97,"7,292.75","7,317.47","7,156.35","7,292.75",85.3975995,,,,
5/9/97,"7,169.53","7,235.76","7,079.63","7,169.53",84.67307719,,,,
5/8/97,"7,136.62","7,236.96","7,040.30","7,136.62",84.47851798,,,,
5/7/97,"7,085.65","7,246.60","7,064.78","7,085.65",84.17630308,,,,
5/6/97,"7,225.32","7,299.98","7,139.43","7,225.32",85.00188233,,,,
5/5/97,"7,214.49","7,232.15","7,029.46","7,214.49",84.93815397,,,,
5/2/97,"7,071.20","7,104.51","6,935.54","7,071.20",84.09042752,,,,
5/1/97,"6,976.48","7,041.90","6,891.39","6,976.48",83.5253255,0.123164547,4.9,,
4/30/97,"7,008.99","7,081.23","6,912.26","7,008.99",83.71971094,,,,
4/29/97,"6,962.03","6,998.15","6,820.75","6,962.03",83.43877995,,,,
4/28/97,"6,783.02","6,826.37","6,667.03","6,783.02",82.35909179,,,,
4/25/97,"6,738.87","6,826.77","6,681.08","6,738.87",82.09062066,,,,
4/24/97,"6,792.25","6,923.90","6,742.89","6,792.25",82.41510784,,,,
4/23/97,"6,812.72","6,902.23","6,746.50","6,812.72",82.53920281,,,,
4/22/97,"6,833.59","6,858.08","6,628.50","6,833.59",82.66553091,,,,
4/21/97,"6,660.21","6,768.17","6,594.38","6,660.21",81.61010967,,,,
4/18/97,"6,703.55","6,749.71","6,616.46","6,703.55",81.87520992,,,,
4/17/97,"6,658.60","6,750.91","6,600.80","6,658.60",81.6002451,,,,
4/16/97,"6,679.87","6,708.77","6,506.08","6,679.87",81.73047167,,,,
4/15/97,"6,587.16","6,626.09","6,457.92","6,587.16",81.16132084,,,,
4/14/97,"6,451.90","6,487.22","6,315.84","6,451.90",80.32372003,,,,
4/11/97,"6,391.69","6,529.48","6,358.42","6,391.69",79.94804563,,,,
4/10/97,"6,540.05","6,626.91","6,495.48","6,540.05",80.87057561,,,,
4/9/97,"6,563.84","6,662.41","6,521.16","6,563.84",81.01752897,,,,
4/8/97,"6,609.16","6,638.62","6,491.71","6,609.16",81.2967404,,,,
4/7/97,"6,555.91","6,639.00","6,508.70","6,555.91",80.96857415,,,,
4/4/97,"6,526.07","6,561.57","6,376.90","6,526.07",80.78409497,,,,
4/3/97,"6,477.35","6,540.43","6,379.16","6,477.35",80.48198556,,,,
4/2/97,"6,517.01","6,636.73","6,476.60","6,517.01",80.7280001,,,,
4/1/97,"6,611.05","6,667.70","6,482.64","6,611.05",81.30836365,-0.093584102,5.1,,
3/31/97,"6,583.48","6,743.23","6,532.49","6,583.48",81.13864677,,,,
3/27/97,"6,740.59","6,918.47","6,654.86","6,740.59",82.10109622,,,,
3/26/97,"6,880.70","6,954.72","6,811.21","6,880.70",82.94998493,,,,
3/25/97,"6,876.17","6,984.94","6,832.74","6,876.17",82.92267482,,,,
3/24/97,"6,905.25","6,933.58","6,746.63","6,905.25",83.09783391,,,,
3/21/97,"6,804.79","6,890.52","6,742.85","6,804.79",82.49115104,,,,
3/20/97,"6,820.28","6,901.47","6,765.14","6,820.28",82.58498653,,,,
3/19/97,"6,877.68","6,944.15","6,794.22","6,877.68",82.93177919,,,,
3/18/97,"6,896.56","6,997.40","6,841.05","6,896.56",83.04552968,,,,
3/17/97,"6,955.48","7,004.20","6,820.28","6,955.48",83.39952038,,,,
3/14/97,"6,935.46","6,996.27","6,851.19","6,935.46",83.27940922,,,,
3/13/97,"6,878.89","7,023.59","6,852.72","6,878.89",82.93907402,,,,
3/12/97,"7,039.37","7,111.72","6,988.96","7,039.37",83.90095351,,,,
3/11/97,"7,085.16","7,158.28","7,026.28","7,085.16",84.17339247,,,,
3/10/97,"7,079.39","7,103.25","6,970.10","7,079.39",84.139111,,,,
3/7/97,"7,000.89","7,047.07","6,927.00","7,000.89",83.67132125,,,,
3/6/97,"6,944.70","7,017.05","6,896.60","6,944.70",83.33486665,,,,
3/5/97,"6,945.85","6,966.64","6,836.95","6,945.85",83.34176624,,,,
3/4/97,"6,852.72","6,983.95","6,814.63","6,852.72",82.78115728,,,,
3/3/97,"6,918.92","6,957.01","6,798.46","6,918.92",83.18004568,0.035820586,5.2,,
2/28/97,"6,877.74","6,978.18","6,820.78","6,877.74",82.93214093,,,,
2/27/97,"6,925.07","7,028.59","6,885.44","6,925.07",83.21700547,,,,
2/26/97,"6,983.18","7,076.31","6,878.12","6,983.18",83.56542347,,,,
2/25/97,"7,038.21","7,099.79","6,935.08","7,038.21",83.89404031,,,,
2/24/97,"7,008.20","7,049.76","6,868.50","7,008.20",83.71499268,,,,
2/21/97,"6,931.62","6,984.72","6,869.27","6,931.62",83.25635111,,,,
2/20/97,"6,927.38","7,035.91","6,890.82","6,927.38",83.23088369,,,,
2/19/97,"7,020.13","7,112.87","6,980.87","7,020.13",83.78621605,,,,
2/18/97,"7,067.46","7,084.39","6,946.62","7,067.46",84.06818661,,,,
2/14/97,"6,988.96","7,074.77","6,935.85","6,988.96",83.6,,,,
2/13/97,"7,022.44","7,074.39","6,924.30","7,022.44",83.8,,,,
2/12/97,"6,961.63","6,976.64","6,844.26","6,961.63",83.43638295,,,,
2/11/97,"6,858.11","6,887.36","6,756.90","6,858.11",82.81370659,,,,
2/10/97,"6,806.54","6,908.14","6,771.14","6,806.54",82.50175756,,,,
2/7/97,"6,855.80","6,906.22","6,747.28","6,855.80",82.79975845,,,,
2/6/97,"6,773.06","6,821.17","6,683.40","6,773.06",82.29860266,,,,
2/5/97,"6,746.90","6,913.14","6,704.56","6,746.90",82.13951546,,,,
2/4/97,"6,833.48","6,859.65","6,738.43","6,833.48",82.66486557,,,,
2/3/97,"6,806.16","6,858.11","6,733.04","6,806.16",82.49945454,0.101560516,5.2,,
1/31/97,"6,813.09","6,912.37","6,769.99","6,813.09",82.54144414,,,,
1/30/97,"6,823.86","6,845.03","6,719.96","6,823.86",82.60665833,,,,
1/29/97,"6,740.74","6,766.91","6,627.98","6,740.74",82.10200972,,,,
1/28/97,"6,656.08","6,823.48","6,612.20","6,656.08",81.58480251,,,,
1/27/97,"6,660.69","6,748.82","6,598.73","6,660.69",81.61305043,,,,
1/24/97,"6,696.48","6,798.08","6,629.91","6,696.48",81.83202307,,,,
1/23/97,"6,755.75","6,953.55","6,724.19","6,755.75",82.19336956,,,,
1/22/97,"6,850.03","6,913.14","6,801.16","6,850.03",82.76490802,,,,
1/21/97,"6,883.90","6,934.69","6,771.14","6,883.90",82.96927142,,,,
1/20/97,"6,843.87","6,893.13","6,777.30","6,843.87",82.72768581,,,,
1/17/97,"6,833.10","6,863.88","6,732.66","6,833.10",82.6625671,,,,
1/16/97,"6,765.37","6,818.47","6,688.40","6,765.37",82.25186928,,,,
1/15/97,"6,726.88","6,800.77","6,669.93","6,726.88",82.0175591,,,,
1/14/97,"6,762.29","6,816.17","6,689.94","6,762.29",82.23314417,,,,
1/13/97,"6,709.18","6,773.45","6,647.99","6,709.18",81.9095843,,,,
1/10/97,"6,703.79","6,725.35","6,530.62","6,703.79",81.87667556,,,,
1/9/97,"6,625.67","6,677.24","6,520.23","6,625.67",81.39821865,,,,
1/8/97,"6,549.48","6,650.30","6,509.84","6,549.48",80.92885765,,,,
1/7/97,"6,600.66","6,621.82","6,481.75","6,600.66",81.24444596,,,,
1/6/97,"6,567.18","6,647.22","6,508.30","6,567.18",81.03813917,,,,
1/3/97,"6,544.09","6,586.42","6,437.10","6,544.09",80.89554994,,,,
1/2/97,"6,442.49","6,511.38","6,318.96","6,442.49",80.26512319,-0.023424755,5.3,,
12/31/96,"6,448.27","6,580.90","6,421.74","6,448.27",80.30112079,,,,
12/30/96,"6,549.37","6,587.05","6,540.53","6,549.37",80.92817803,,,,
12/27/96,"6,560.91","6,607.81","6,510.93","6,560.91",80.99944444,,,,
12/26/96,"6,546.68","6,594.74","6,495.94","6,546.68",80.91155665,,,,
12/24/96,"6,522.85","6,546.68","6,467.10","6,522.85",80.76416284,,,,
12/23/96,"6,489.02","6,539.76","6,428.27","6,489.02",80.55445363,,,,
12/20/96,"6,484.40","6,597.43","6,445.19","6,484.40",80.52577227,,,,
12/19/96,"6,473.64","6,499.40","6,352.15","6,473.64",80.45893362,,,,
12/18/96,"6,346.77","6,399.06","6,272.96","6,346.77",79.66661785,,,,
12/17/96,"6,308.33","6,354.46","6,206.83","6,308.33",79.42499607,,,,
12/16/96,"6,268.35","6,388.68","6,227.98","6,268.35",79.17291203,,,,
12/13/96,"6,304.87","6,377.14","6,227.59","6,304.87",79.40321152,,,,
12/12/96,"6,303.71","6,465.57","6,283.72","6,303.71",79.3959067,,,,
12/11/96,"6,402.52","6,457.88","6,317.94","6,402.52",80.01574845,,,,
12/10/96,"6,473.25","6,545.56","6,427.04","6,473.25",80.45650999,,,,
12/9/96,"6,463.94","6,496.73","6,375.98","6,463.94",80.39863183,,,,
12/6/96,"6,381.94","6,441.20","6,274.24","6,381.94",79.88704526,,,,
12/5/96,"6,437.10","6,491.14","6,363.31","6,437.10",80.23153993,,,,
12/4/96,"6,422.94","6,482.20","6,339.46","6,422.94",80.14324675,,,,
12/3/96,"6,442.69","6,577.23","6,422.94","6,442.69",80.26636905,,,,
12/2/96,"6,521.70","6,553.01","6,439.34","6,521.70",80.75704304,0.157797384,5.4,,
11/29/96,"6,521.70","6,551.15","6,490.40","6,521.70",80.75704304,,,,
11/27/96,"6,499.34","6,566.43","6,457.97","6,499.34",80.61848423,,,,
11/26/96,"6,528.41","6,606.30","6,475.49","6,528.41",80.79857672,,,,
11/25/96,"6,547.79","6,565.68","6,443.44","6,547.79",80.9184157,,,,
11/22/96,"6,471.76","6,498.22","6,402.44","6,471.76",80.4472498,,,,
11/21/96,"6,418.47","6,463.56","6,370.02","6,418.47",80.11535433,,,,
11/20/96,"6,430.02","6,482.20","6,370.02","6,430.02",80.18740549,,,,
11/19/96,"6,397.60","6,428.16","6,323.06","6,397.60",79.98499859,,,,
11/18/96,"6,346.91","6,407.66","6,297.34","6,346.91",79.66749651,,,,
11/15/96,"6,348.03","6,414.37","6,277.22","6,348.03",79.67452541,,,,
11/14/96,"6,313.00","6,350.64","6,232.50","6,313.00",79.45438943,,,,
11/13/96,"6,274.24","6,317.10","6,206.78","6,274.24",79.21010037,,,,
11/12/96,"6,266.04","6,314.49","6,199.70","6,266.04",79.15832237,,,,
11/11/96,"6,255.60","6,292.87","6,198.58","6,255.60",79.09235108,,,,
11/8/96,"6,219.82","6,247.40","6,151.62","6,219.82",78.86583544,,,,
11/7/96,"6,206.04","6,238.83","6,130.38","6,206.04",78.77842344,,,,
11/6/96,"6,177.71","6,200.44","6,060.69","6,177.71",78.59840965,,,,
11/5/96,"6,081.18","6,125.53","6,029.01","6,081.18",77.98192098,,,,
11/4/96,"6,041.68","6,083.05","5,981.30","6,041.68",77.72824454,,,,
11/1/96,"6,021.93","6,082.67","5,975.34","6,021.93",77.60109535,0.032945574,5.4,,
10/31/96,"6,029.38","6,063.67","5,955.59","6,029.38",77.64908242,,,,
10/30/96,"5,993.23","6,055.84","5,956.71","5,993.23",77.41595443,,,,
10/29/96,"6,007.02","6,054.72","5,938.82","6,007.02",77.50496758,,,,
10/28/96,"5,972.73","6,063.67","5,952.61","5,972.73",77.28343936,,,,
10/25/96,"6,007.02","6,047.64","5,954.47","6,007.02",77.50496758,,,,
10/24/96,"5,992.48","6,080.07","5,953.72","5,992.48",77.41111031,,,,
10/23/96,"6,036.46","6,081.93","5,965.65","6,036.46",77.69465876,,,,
10/22/96,"6,061.80","6,114.73","6,015.59","6,061.80",77.85756225,,,,
10/21/96,"6,090.87","6,162.80","6,027.90","6,090.87",78.04402604,,,,
10/18/96,"6,094.23","6,119.57","6,011.49","6,094.23",78.06554938,,,,
10/17/96,"6,059.20","6,101.31","5,994.72","6,059.20",77.8408633,,,,
10/16/96,"6,020.81","6,056.21","5,943.66","6,020.81",77.59387862,,,,
10/15/96,"6,004.78","6,077.83","5,951.12","6,004.78",77.49051555,,,,
10/14/96,"6,010.00","6,043.91","5,952.61","6,010.00",77.52418977,,,,
10/11/96,"5,969.38","5,999.56","5,912.36","5,969.38",77.26176286,,,,
10/10/96,"5,921.67","5,956.71","5,876.58","5,921.67",76.95238788,,,,
10/9/96,"5,930.62","5,985.03","5,892.23","5,930.62",77.01051876,,,,
10/8/96,"5,966.77","6,032.36","5,930.24","5,966.77",77.24487038,,,,
10/7/96,"5,979.81","6,025.28","5,945.15","5,979.81",77.32923121,,,,
10/4/96,"5,992.86","6,023.79","5,917.20","5,992.86",77.4135647,,,,
10/3/96,"5,932.85","5,972.36","5,887.76","5,932.85",77.02499594,,,,
10/2/96,"5,933.97","5,966.02","5,888.88","5,933.97",77.03226597,,,,
10/1/96,"5,904.90","5,942.17","5,833.72","5,904.90",76.84334714,0.084378779,5.2,,
9/30/96,"5,882.17","5,934.32","5,845.18","5,882.17",76.69530624,,,,
9/27/96,"5,872.92","5,903.99","5,819.65","5,872.92",76.63497896,,,,
9/26/96,"5,868.85","5,928.04","5,828.90","5,868.85",76.6084199,,,,
9/25/96,"5,877.36","5,928.77","5,827.42","5,877.36",76.66394198,,,,
9/24/96,"5,874.03","5,952.08","5,831.86","5,874.03",76.64222074,,,,
9/23/96,"5,894.74","5,913.24","5,820.39","5,894.74",76.77721016,,,,
9/20/96,"5,888.46","5,925.82","5,840.74","5,888.46",76.73630171,,,,
9/19/96,"5,867.74","5,908.80","5,818.17","5,867.74",76.60117493,,,,
9/18/96,"5,877.36","5,919.90","5,838.15","5,877.36",76.66394198,,,,
9/17/96,"5,888.83","5,929.51","5,830.38","5,888.83",76.73871253,,,,
9/16/96,"5,889.20","5,920.64","5,823.72","5,889.20",76.74112327,,,,
9/13/96,"5,838.52","5,871.44","5,786.73","5,838.52",76.41020874,,,,
9/12/96,"5,771.94","5,815.59","5,739.76","5,771.94",75.97328478,,,,
9/11/96,"5,754.92","5,777.49","5,696.85","5,754.92",75.86118902,,,,
9/10/96,"5,727.18","5,767.87","5,681.68","5,727.18",75.67813423,,,,
9/9/96,"5,733.84","5,756.40","5,662.08","5,733.84",75.72212358,,,,
9/6/96,"5,659.86","5,696.48","5,585.51","5,659.86",75.23204105,,,,
9/5/96,"5,606.96","5,669.47","5,592.53","5,606.96",74.87963675,,,,
9/4/96,"5,656.90","5,682.05","5,608.81","5,656.90",75.212366,,,,
9/3/96,"5,648.39","5,667.99","5,550.37","5,648.39",75.15577157,0.01625955,5.2,,
8/30/96,"5,616.21","5,659.86","5,571.45","5,616.21",74.94137709,,,,
8/29/96,"5,647.65","5,716.82","5,615.47","5,647.65",75.1508483,,,,
8/28/96,"5,712.38","5,747.89","5,678.72","5,712.38",75.58028844,,,,
8/27/96,"5,711.27","5,735.32","5,670.58","5,711.27",75.57294489,,,,
8/26/96,"5,693.89","5,742.71","5,665.41","5,693.89",75.45786904,,,,
8/23/96,"5,722.74","5,761.58","5,679.09","5,722.74",75.64879378,,,,
8/22/96,"5,733.47","5,761.95","5,662.45","5,733.47",75.7196804,,,,
8/21/96,"5,689.82","5,734.95","5,648.76","5,689.82",75.43089553,,,,
8/20/96,"5,721.26","5,747.52","5,670.21","5,721.26",75.6390111,,,,
8/19/96,"5,699.44","5,728.66","5,664.30","5,699.44",75.49463557,,,,
8/16/96,"5,689.45","5,722.74","5,646.54","5,689.45",75.42844291,,,,
8/15/96,"5,665.78","5,701.66","5,633.22","5,665.78",75.2713757,,,,
8/14/96,"5,666.88","5,695.00","5,614.36","5,666.88",75.27868224,,,,
8/13/96,"5,647.28","5,713.86","5,618.06","5,647.28",75.14838654,,,,
8/12/96,"5,704.98","5,746.04","5,625.83","5,704.98",75.53131801,,,,
8/9/96,"5,681.31","5,747.15","5,654.31","5,681.31",75.37446517,,,,
8/8/96,"5,713.49","5,746.41","5,661.34","5,713.49",75.58763126,,,,
8/7/96,"5,718.67","5,754.55","5,659.12","5,718.67",75.62188837,,,,
8/6/96,"5,696.11","5,716.45","5,630.26","5,696.11",75.4725778,,,,
8/5/96,"5,674.28","5,719.04","5,639.14","5,674.28",75.32781691,,,,
8/2/96,"5,679.83","5,703.51","5,601.41","5,679.83",75.36464688,,,,
8/1/96,"5,594.75","5,628.79","5,507.83","5,594.75",74.79806147,-0.040844086,5.1,,
7/31/96,"5,528.91","5,558.13","5,460.48","5,528.91",74.35664059,,,,
7/30/96,"5,481.93","5,503.76","5,403.52","5,481.93",74.04005673,,,,
7/29/96,"5,434.59","5,497.47","5,414.61","5,434.59",73.71967173,,,,
7/26/96,"5,473.06","5,503.02","5,397.97","5,473.06",73.98013247,,,,
7/25/96,"5,422.01","5,469.36","5,355.80","5,422.01",73.63429907,,,,
7/24/96,"5,354.69","5,402.04","5,244.83","5,354.69",73.17574735,,,,
7/23/96,"5,346.55","5,447.90","5,313.63","5,346.55",73.12010667,,,,
7/22/96,"5,390.94","5,446.05","5,346.92","5,390.94",73.42302091,,,,
7/19/96,"5,426.82","5,490.44","5,393.53","5,426.82",73.66695324,,,,
7/18/96,"5,464.18","5,500.43","5,352.10","5,464.18",73.92009199,,,,
7/17/96,"5,376.88","5,465.29","5,325.10","5,376.88",73.32721187,,,,
7/16/96,"5,358.76","5,438.66","5,170.11","5,358.76",73.20355183,,,,
7/15/96,"5,349.51","5,527.93","5,326.98","5,349.51",73.14034454,,,,
7/12/96,"5,510.56","5,562.65","5,455.16","5,510.56",74.23314624,,,,
7/11/96,"5,520.50","5,600.33","5,447.77","5,520.50",74.30006729,,,,
7/10/96,"5,603.65","5,628.03","5,515.00","5,603.65",74.85753135,,,,
7/9/96,"5,581.86","5,622.49","5,540.12","5,581.86",74.71184645,,,,
7/8/96,"5,550.83","5,622.12","5,519.80","5,550.83",74.50389252,,,,
7/5/96,"5,588.14","5,657.58","5,570.77","5,588.14",74.75386278,,,,
7/3/96,"5,703.02","5,749.93","5,656.47","5,703.02",75.51834214,,,,
7/2/96,"5,720.38","5,769.88","5,668.29","5,720.38",75.63319377,,,,
7/1/96,"5,729.98","5,749.19","5,637.26","5,729.98",75.69663136,0.034928236,5.5,,
6/28/96,"5,654.63","5,724.44","5,625.81","5,654.63",75.19727389,,,,
6/27/96,"5,677.53","5,715.21","5,616.21","5,677.53",75.3493862,,,,
6/26/96,"5,682.70","5,739.22","5,652.04","5,682.70",75.38368524,,,,
6/25/96,"5,719.27","5,760.27","5,668.66","5,719.27",75.62585537,,,,
6/24/96,"5,717.79","5,770.61","5,688.61","5,717.79",75.61606972,,,,
6/21/96,"5,705.23","5,722.22","5,639.11","5,705.23",75.53297293,,,,
6/20/96,"5,659.43","5,709.30","5,606.97","5,659.43",75.22918317,,,,
6/19/96,"5,648.35","5,693.78","5,600.70","5,648.35",75.15550545,,,,
6/18/96,"5,628.03","5,683.44","5,607.71","5,628.03",75.02019728,,,,
6/17/96,"5,652.78","5,689.72","5,614.36","5,652.78",75.1849719,,,,
6/14/96,"5,649.45","5,687.13","5,609.93","5,649.45",75.16282326,,,,
6/13/96,"5,657.95","5,714.84","5,622.86","5,657.95",75.21934592,,,,
6/12/96,"5,668.29","5,725.55","5,637.63","5,668.29",75.28804686,,,,
6/11/96,"5,668.66","5,747.71","5,637.63","5,668.66",75.29050405,,,,
6/10/96,"5,687.87","5,727.03","5,643.54","5,687.87",75.41796868,,,,
6/7/96,"5,697.11","5,708.93","5,559.69","5,697.11",75.47920243,,,,
6/6/96,"5,667.19","5,750.67","5,639.48","5,667.19",75.28074123,,,,
6/5/96,"5,697.48","5,718.53","5,631.35","5,697.48",75.4816534,,,,
6/4/96,"5,665.71","5,697.84","5,616.58","5,665.71",75.27091072,,,,
6/3/96,"5,624.71","5,662.75","5,587.40","5,624.71",74.99806664,0.015030491,5.3,,
5/31/96,"5,643.18","5,712.62","5,614.36","5,643.18",75.12110223,,,,
5/30/96,"5,693.41","5,734.41","5,625.07","5,693.41",75.45468839,,,,
5/29/96,"5,673.83","5,743.65","5,632.46","5,673.83",75.3248299,,,,
5/28/96,"5,709.67","5,798.69","5,680.48","5,709.67",75.56235835,,,,
5/24/96,"5,762.86","5,815.68","5,722.59","5,762.86",75.91350341,,,,
5/23/96,"5,762.12","5,833.04","5,704.12","5,762.12",75.90862929,,,,
5/22/96,"5,778.00","5,803.49","5,687.87","5,778.00",76.01315676,,,,
5/21/96,"5,736.26","5,794.63","5,698.21","5,736.26",75.73810138,,,,
5/20/96,"5,748.82","5,778.74","5,657.58","5,748.82",75.82097335,,,,
5/17/96,"5,687.50","5,729.61","5,631.35","5,687.50",75.41551564,,,,
5/16/96,"5,635.05","5,677.53","5,577.42","5,635.05",75.0669701,,,,
5/15/96,"5,625.44","5,691.57","5,590.72","5,625.44",75.00293328,,,,
5/14/96,"5,624.71","5,663.12","5,566.71","5,624.71",74.99806664,,,,
5/13/96,"5,582.60","5,601.80","5,495.42","5,582.60",74.71679865,,,,
5/10/96,"5,518.14","5,559.68","5,478.03","5,518.14",74.28418405,,,,
5/9/96,"5,475.14","5,534.76","5,419.87","5,475.14",73.99418896,,,,
5/8/96,"5,474.06","5,486.34","5,327.74","5,474.06",73.98689073,,,,
5/7/96,"5,420.95","5,486.34","5,392.05","5,420.95",73.62710099,,,,
5/6/96,"5,464.31","5,528.97","5,397.83","5,464.31",73.92097131,,,,
5/3/96,"5,478.03","5,555.71","5,439.74","5,478.03",74.01371495,,,,
5/2/96,"5,498.27","5,578.11","5,455.27","5,498.27",74.1503203,,,,
5/1/96,"5,575.22","5,619.29","5,523.56","5,575.22",74.66739583,-0.019874109,5.6,,
4/30/96,"5,569.08","5,606.29","5,522.83","5,569.08",74.62626883,,,,
4/29/96,"5,573.41","5,611.71","5,515.25","5,573.41",74.65527443,,,,
4/26/96,"5,567.99","5,618.57","5,517.78","5,567.99",74.61896542,,,,
4/25/96,"5,566.91","5,601.23","5,490.68","5,566.91",74.6117283,,,,
4/24/96,"5,553.90","5,619.29","5,512.36","5,553.90",74.52449262,,,,
4/23/96,"5,588.59","5,621.82","5,534.76","5,588.59",74.75687259,,,,
4/22/96,"5,564.74","5,610.62","5,516.33","5,564.74",74.59718493,,,,
4/19/96,"5,535.48","5,593.64","5,504.41","5,535.48",74.40080645,,,,
4/18/96,"5,551.74","5,600.51","5,493.93","5,551.74",74.50999933,,,,
4/17/96,"5,549.93","5,653.25","5,500.07","5,549.93",74.49785232,,,,
4/16/96,"5,620.02","5,656.14","5,554.99","5,620.02",74.96679265,,,,
4/15/96,"5,592.92","5,614.60","5,517.41","5,592.92",74.78582753,,,,
4/12/96,"5,532.59","5,577.39","5,445.16","5,532.59",74.38138208,,,,
4/11/96,"5,487.07","5,540.17","5,382.66","5,487.07",74.07475953,,,,
4/10/96,"5,485.98","5,601.23","5,452.02","5,485.98",74.06740174,,,,
4/9/96,"5,560.41","5,644.58","5,530.06","5,560.41",74.56815674,,,,
4/8/96,"5,594.37","5,624.71","5,518.14","5,594.37",74.79552126,,,,
4/4/96,"5,682.88","5,737.07","5,633.02","5,682.88",75.38487912,,,,
4/3/96,"5,689.74","5,712.50","5,619.29","5,689.74",75.43036524,,,,
4/2/96,"5,671.68","5,706.72","5,597.26","5,671.68",75.31055703,,,,
4/1/96,"5,637.72","5,670.23","5,562.57","5,637.72",75.08475211,0.03222324,5.6,,
3/29/96,"5,587.14","5,682.88","5,550.29","5,587.14",74.74717386,,,,
3/28/96,"5,630.85","5,664.45","5,564.74","5,630.85",75.03898987,,,,
3/27/96,"5,626.88","5,703.47","5,596.53","5,626.88",75.01253229,,,,
3/26/96,"5,670.60","5,701.30","5,595.81","5,670.60",75.30338638,,,,
3/25/96,"5,643.86","5,712.14","5,592.92","5,643.86",75.12562812,,,,
3/22/96,"5,636.64","5,681.07","5,589.67","5,636.64",75.0775599,,,,
3/21/96,"5,626.88","5,696.25","5,590.03","5,626.88",75.01253229,,,,
3/20/96,"5,655.42","5,724.06","5,590.39","5,655.42",75.20252655,,,,
3/19/96,"5,669.51","5,755.86","5,619.66","5,669.51",75.29614864,,,,
3/18/96,"5,683.60","5,706.00","5,573.41","5,683.60",75.38965446,,,,
3/15/96,"5,584.97","5,628.69","5,523.56","5,584.97",74.73265685,,,,
3/14/96,"5,586.06","5,662.29","5,536.56","5,586.06",74.73994916,,,,
3/13/96,"5,568.72","5,626.52","5,513.80","5,568.72",74.62385678,,,,
3/12/96,"5,583.89","5,622.55","5,464.67","5,583.89",74.72543074,,,,
3/11/96,"5,581.00","5,605.20","5,425.29","5,581.00",74.70609078,,,,
3/8/96,"5,470.45","5,612.79","5,395.30","5,470.45",73.96249049,,,,
3/7/96,"5,641.69","5,667.34","5,572.33","5,641.69",75.11118425,,,,
3/6/96,"5,629.77","5,700.22","5,585.70","5,629.77",75.03179326,,,,
3/5/96,"5,642.42","5,655.78","5,558.24","5,642.42",75.11604356,,,,
3/4/96,"5,600.15","5,646.39","5,511.99","5,600.15",74.83414996,,,,
3/1/96,"5,536.56","5,573.41","5,424.20","5,536.56",74.40806408,0.044447546,5.5,,
2/29/96,"5,485.62","5,562.21","5,440.46","5,485.62",74.06497148,,,,
2/28/96,"5,506.21","5,625.07","5,487.07","5,506.21",74.20384087,,,,
2/27/96,"5,549.21","5,597.26","5,478.76","5,549.21",74.49301981,,,,
2/26/96,"5,565.10","5,647.83","5,530.42","5,565.10",74.59959785,,,,
2/23/96,"5,630.49","5,693.36","5,546.32","5,630.49",75.03659107,,,,
2/22/96,"5,608.46","5,638.44","5,511.63","5,608.46",74.88965216,,,,
2/21/96,"5,515.97","5,548.12","5,440.82","5,515.97",74.26957654,,,,
2/20/96,"5,458.53","5,515.97","5,393.50","5,458.53",73.88186516,,,,
2/16/96,"5,503.32","5,563.30","5,470.45","5,503.32",74.18436493,,,,
2/15/96,"5,551.37","5,623.27","5,514.88","5,551.37",74.5075164,,,,
2/14/96,"5,579.55","5,633.02","5,534.39","5,579.55",74.69638545,,,,
2/13/96,"5,601.23","5,644.94","5,530.06","5,601.23",74.84136557,,,,
2/12/96,"5,600.15","5,643.50","5,531.14","5,600.15",74.83414996,,,,
2/9/96,"5,541.62","5,603.76","5,474.06","5,541.62",74.442058,,,,
2/8/96,"5,539.45","5,559.68","5,441.55","5,539.45",74.42748148,,,,
2/7/96,"5,492.12","5,520.30","5,423.84","5,492.12",74.10883888,,,,
2/6/96,"5,459.61","5,483.82","5,371.82","5,459.61",73.88917377,,,,
2/5/96,"5,407.59","5,433.96","5,319.43","5,407.59",73.53631756,,,,
2/2/96,"5,373.99","5,442.99","5,338.94","5,373.99",73.30750303,,,,
2/1/96,"5,405.06","5,438.29","5,335.69","5,405.06",73.51911316,0.071118802,5.5,,
1/31/96,"5,395.30","5,433.24","5,314.38","5,395.30",73.45270587,,,,
1/30/96,"5,381.21","5,409.75","5,288.73","5,381.21",73.35673112,,,,
1/29/96,"5,304.98","5,338.22","5,246.82","5,304.98",72.83529364,,,,
1/26/96,"5,271.75","5,293.78","5,187.21","5,271.75",72.60681786,,,,
1/25/96,"5,216.83","5,289.45","5,173.84","5,216.83",72.22762629,,,,
1/24/96,"5,242.84","5,297.04","5,176.73","5,242.84",72.40745818,,,,
1/23/96,"5,192.27","5,241.76","5,141.33","5,192.27",72.05740767,,,,
1/22/96,"5,219.36","5,254.77","5,133.02","5,219.36",72.24513824,,,,
1/19/96,"5,184.68","5,214.66","5,087.49","5,184.68",72.00472207,,,,
1/18/96,"5,124.35","5,166.98","5,032.58","5,124.35",71.58456538,,,,
1/17/96,"5,066.90","5,133.38","5,028.61","5,066.90",71.18216069,,,,
1/16/96,"5,088.22","5,116.04","5,000.79","5,088.22",71.33176011,,,,
1/15/96,"5,043.78","5,099.42","5,012.71","5,043.78",71.01957477,,,,
1/12/96,"5,061.12","5,114.23","5,000.07","5,061.12",71.14154904,,,,
1/11/96,"5,065.10","5,099.78","5,002.96","5,065.10",71.16951595,,,,
1/10/96,"5,032.94","5,141.69","5,000.07","5,032.94",70.94321673,,,,
1/9/96,"5,130.13","5,239.23","5,100.86","5,130.13",71.62492583,,,,
1/8/96,"5,197.68","5,225.50","5,163.36","5,197.68",72.09493741,,,,
1/5/96,"5,181.43","5,217.55","5,107.00","5,181.43",71.98215057,,,,
1/4/96,"5,173.84","5,259.46","5,114.23","5,173.84",71.92940984,,,,
1/3/96,"5,194.07","5,252.60","5,143.13","5,194.07",72.06989663,,,,
1/2/96,"5,177.45","5,208.16","5,087.13","5,177.45",71.95449951,0.031519008,5.6,,
12/29/95,"5,117.12","5,144.58","5,063.65","5,117.12",71.53404784,,,,
12/28/95,"5,095.80","5,132.65","5,062.21","5,095.80",71.38487235,,,,
12/27/95,"5,105.92","5,146.74","5,077.74","5,105.92",71.45572055,,,,
12/26/95,"5,110.26","5,149.27","5,072.32","5,110.26",71.48608256,,,,
12/22/95,"5,097.97","5,146.74","5,064.01","5,097.97",71.40007003,,,,
12/21/95,"5,096.53","5,135.91","5,031.50","5,096.53",71.38998529,,,,
12/20/95,"5,059.32","5,173.48","5,047.39","5,059.32",71.12889708,,,,
12/19/95,"5,109.89","5,146.02","5,016.68","5,109.89",71.4834946,,,,
12/18/95,"5,075.21","5,159.39","5,042.70","5,075.21",71.24050814,,,,
12/15/95,"5,176.73","5,217.55","5,135.54","5,176.73",71.94949618,,,,
12/14/95,"5,182.15","5,266.69","5,148.55","5,182.15",71.98715163,,,,
12/13/95,"5,216.47","5,246.10","5,144.22","5,216.47",72.22513413,,,,
12/12/95,"5,174.92","5,226.23","5,132.29","5,174.92",71.93691681,,,,
12/11/95,"5,184.32","5,225.50","5,122.18","5,184.32",72.00222219,,,,
12/8/95,"5,156.86","5,200.21","5,115.31","5,156.86",71.81128045,,,,
12/7/95,"5,159.39","5,211.05","5,124.35","5,159.39",71.82889391,,,,
12/6/95,"5,199.13","5,234.53","5,147.47","5,199.13",72.10499289,,,,
12/5/95,"5,177.45","5,216.83","5,108.45","5,177.45",71.95449951,,,,
12/4/95,"5,139.52","5,157.58","5,057.87","5,139.52",71.69044567,,,,
12/1/95,"5,087.13","5,133.02","5,038.36","5,087.13",71.32411934,0.108712961,5.6,,
11/30/95,"5,074.49","5,143.13","5,053.17","5,074.49",71.23545466,,,,
11/29/95,"5,105.56","5,126.51","5,047.03","5,105.56",71.45320147,,,,
11/28/95,"5,078.10","5,105.56","5,006.21","5,078.10",71.26078866,,,,
11/27/95,"5,070.88","5,114.23","5,034.03","5,070.88",71.21011164,,,,
11/24/95,"5,048.84","5,072.68","5,028.61","5,048.84",71.05518982,,,,
11/22/95,"5,041.61","5,096.17","4,982.72","5,041.61",71.00429564,,,,
11/21/95,"5,023.55","5,050.28","4,948.04","5,023.55",70.87700614,,,,
11/20/95,"4,983.09","5,030.77","4,946.60","4,983.09",70.59100509,,,,
11/17/95,"4,989.95","5,022.10","4,934.31","4,989.95",70.63957814,,,,
11/16/95,"4,969.36","5,003.68","4,902.16","4,969.36",70.49368766,,,,
11/15/95,"4,922.75","4,939.73","4,835.69","4,922.75",70.16231182,,,,
11/14/95,"4,871.81","4,923.11","4,826.29","4,871.81",69.79835242,,,,
11/13/95,"4,872.90","4,909.75","4,821.23","4,872.90",69.80616019,,,,
11/10/95,"4,870.37","4,896.02","4,820.51","4,870.37",69.78803622,,,,
11/9/95,"4,864.23","4,902.52","4,811.84","4,864.23",69.744032,,,,
11/8/95,"4,852.67","4,877.59","4,775.71","4,852.67",69.66110823,,,,
11/7/95,"4,797.03","4,839.30","4,770.66","4,797.03",69.26059486,,,,
11/6/95,"4,814.01","4,862.78","4,779.33","4,814.01",69.3830671,,,,
11/3/95,"4,825.57","4,858.81","4,774.63","4,825.57",69.46632278,,,,
11/2/95,"4,808.59","4,833.16","4,745.00","4,808.59",69.34399758,,,,
11/1/95,"4,766.68","4,801.73","4,719.72","4,766.68",69.04114715,0.001784687,5.6,,
10/31/95,"4,755.48","4,821.96","4,735.97","4,755.48",68.9599884,,,,
10/30/95,"4,756.57","4,798.84","4,716.46","4,756.57",68.96789108,,,,
10/27/95,"4,741.75","4,766.68","4,653.24","4,741.75",68.86036596,,,,
10/26/95,"4,703.82","4,777.88","4,655.05","4,703.82",68.58440056,,,,
10/25/95,"4,753.68","4,824.49","4,708.88","4,753.68",68.94693612,,,,
10/24/95,"4,783.66","4,819.07","4,730.92","4,783.66",69.16400798,,,,
10/23/95,"4,755.48","4,805.70","4,724.41","4,755.48",68.9599884,,,,
10/20/95,"4,794.86","4,836.41","4,758.37","4,794.86",69.24492761,,,,
10/19/95,"4,802.45","4,830.27","4,744.28","4,802.45",69.2997114,,,,
10/18/95,"4,777.52","4,837.49","4,747.53","4,777.52",69.11960648,,,,
10/17/95,"4,795.94","4,831.35","4,747.90","4,795.94",69.25272558,,,,
10/16/95,"4,784.38","4,823.04","4,751.51","4,784.38",69.1692128,,,,
10/13/95,"4,793.78","4,845.08","4,749.70","4,793.78",69.23712877,,,,
10/12/95,"4,764.88","4,790.16","4,709.24","4,764.88",69.02811022,,,,
10/11/95,"4,735.25","4,773.91","4,686.48","4,735.25",68.81315281,,,,
10/10/95,"4,720.80","4,745.73","4,638.43","4,720.80",68.70807813,,,,
10/9/95,"4,726.22","4,781.13","4,691.54","4,726.22",68.74750905,,,,
10/6/95,"4,769.21","4,805.70","4,731.64","4,769.21",69.05946713,,,,
10/5/95,"4,762.71","4,794.86","4,705.63","4,762.71",69.01239019,,,,
10/4/95,"4,740.67","4,787.27","4,689.01","4,740.67",68.85252356,,,,
10/3/95,"4,749.70","4,791.61","4,702.74","4,749.70",68.9180673,,,,
10/2/95,"4,761.26","4,817.98","4,732.72","4,761.26",69.00188403,0.050608025,5.5,,
9/29/95,"4,789.08","4,834.96","4,757.65","4,789.08",69.20317912,,,,
9/28/95,"4,787.64","4,810.03","4,731.64","4,787.64",69.19277419,,,,
9/27/95,"4,762.35","4,790.16","4,692.98","4,762.35",69.00978192,,,,
9/26/95,"4,765.60","4,816.54","4,738.86","4,765.60",69.03332529,,,,
9/25/95,"4,769.93","4,804.62","4,728.02","4,769.93",69.06467983,,,,
9/22/95,"4,764.10","4,789.44","4,706.35","4,764.10",69.02246011,,,,
9/21/95,"4,767.40","4,820.15","4,728.75","4,767.40",69.04636124,,,,
9/20/95,"4,792.69","4,828.46","4,746.45","4,792.69",69.22925682,,,,
9/19/95,"4,767.04","4,798.11","4,734.53","4,767.04",69.04375424,,,,
9/18/95,"4,780.41","4,814.01","4,729.47","4,780.41",69.14050911,,,,
9/15/95,"4,797.57","4,839.48","4,762.35","4,797.57",69.26449307,,,,
9/14/95,"4,801.80","4,830.32","4,731.36","4,801.80",69.29502147,,,,
9/13/95,"4,765.52","4,801.09","4,697.55","4,765.52",69.03274585,,,,
9/12/95,"4,747.21","4,762.35","4,689.45","4,747.21",68.9,,,,
9/11/95,"4,704.94","4,744.04","4,672.54","4,704.94",68.59256519,,,,
9/8/95,"4,700.72","4,722.91","4,648.59","4,700.72",68.56179694,,,,
9/7/95,"4,669.72","4,710.58","4,640.14","4,669.72",68.33534956,,,,
9/6/95,"4,683.81","4,716.21","4,648.95","4,683.81",68.43836643,,,,
9/5/95,"4,670.08","4,697.90","4,625.70","4,670.08",68.33798358,,,,
9/1/95,"4,647.54","4,672.19","4,594.71","4,647.54",68.1728685,-0.016798954,5.6,,
8/31/95,"4,610.56","4,634.51","4,582.38","4,610.56",67.90110456,,,,
8/30/95,"4,604.57","4,639.79","4,582.38","4,604.57",67.85698195,,,,
8/29/95,"4,608.44","4,625.35","4,554.21","4,608.44",67.88549182,,,,
8/28/95,"4,594.00","4,632.39","4,566.53","4,594.00",67.77905281,,,,
8/25/95,"4,601.40","4,629.93","4,569.70","4,601.40",67.83361998,,,,
8/24/95,"4,580.62","4,618.30","4,552.80","4,580.62",67.68027778,,,,
8/23/95,"4,584.85","4,636.27","4,571.81","4,584.85",67.71152044,,,,
8/22/95,"4,620.42","4,646.13","4,580.62","4,620.42",67.97367137,,,,
8/21/95,"4,614.78","4,676.42","4,593.65","4,614.78",67.93217205,,,,
8/18/95,"4,617.60","4,665.15","4,597.88","4,617.60",67.95292488,,,,
8/17/95,"4,630.63","4,659.16","4,587.66","4,630.63",68.04873254,,,,
8/16/95,"4,639.08","4,673.60","4,593.30","4,639.08",68.1107921,,,,
8/15/95,"4,640.84","4,672.89","4,602.10","4,640.84",68.123711,,,,
8/14/95,"4,659.86","4,677.12","4,601.75","4,659.86",68.26316723,,,,
8/11/95,"4,618.30","4,659.51","4,584.85","4,618.30",67.95807531,,,,
8/10/95,"4,643.66","4,698.96","4,621.47","4,643.66",68.14440549,,,,
8/9/95,"4,671.49","4,712.34","4,649.30","4,671.49",68.34829917,,,,
8/8/95,"4,693.32","4,722.55","4,654.23","4,693.32",68.50780977,,,,
8/7/95,"4,693.32","4,727.84","4,667.26","4,693.32",68.50780977,,,,
8/4/95,"4,683.46","4,728.54","4,660.57","4,683.46",68.43580934,,,,
8/3/95,"4,701.42","4,720.44","4,632.04","4,701.42",68.56690164,,,,
8/2/95,"4,690.15","4,772.56","4,667.96","4,690.15",68.48466982,,,,
8/1/95,"4,700.37","4,742.98","4,648.59","4,700.37",68.55924445,0.042275439,5.7,,
7/31/95,"4,708.47","4,753.55","4,671.13","4,708.47",68.61829202,,,,
7/28/95,"4,715.51","4,762.70","4,686.28","4,715.51",68.66957114,,,,
7/27/95,"4,732.77","4,767.99","4,691.56","4,732.77",68.79513064,,,,
7/26/95,"4,707.06","4,750.73","4,665.15","4,707.06",68.60801702,,,,
7/25/95,"4,714.45","4,743.69","4,651.76","4,714.45",68.66185258,,,,
7/24/95,"4,668.67","4,701.42","4,620.42","4,668.67",68.32766643,,,,
7/21/95,"4,641.55","4,676.06","4,596.82","4,641.55",68.12892191,,,,
7/20/95,"4,641.55","4,684.52","4,578.51","4,641.55",68.12892191,,,,
7/19/95,"4,628.87","4,698.60","4,530.26","4,628.87",68.0357994,,,,
7/18/95,"4,686.28","4,734.53","4,648.24","4,686.28",68.45640949,,,,
7/17/95,"4,736.29","4,767.63","4,681.35","4,736.29",68.82070909,,,,
7/14/95,"4,708.82","4,736.99","4,664.79","4,708.82",68.62084231,,,,
7/13/95,"4,727.48","4,766.58","4,676.06","4,727.48",68.7566724,,,,
7/12/95,"4,727.29","4,747.00","4,654.66","4,727.29",68.75529071,,,,
7/11/95,"4,680.60","4,724.52","4,647.74","4,680.60",68.41491066,,,,
7/10/95,"4,702.39","4,747.69","4,670.91","4,702.39",68.57397466,,,,
7/7/95,"4,702.73","4,740.77","4,628.38","4,702.73",68.57645368,,,,
7/6/95,"4,664.00","4,681.98","4,587.91","4,664.00",68.29348432,,,,
7/5/95,"4,615.23","4,652.24","4,561.63","4,615.23",67.9354841,,,,
7/3/95,"4,585.15","4,594.83","4,536.04","4,585.15",67.71373568,0.03795974,5.7,,
6/30/95,"4,556.10","4,606.24","4,513.90","4,556.10",67.49888888,,,,
6/29/95,"4,550.56","4,592.76","4,510.45","4,550.56",67.45783868,,,,
6/28/95,"4,556.79","4,587.22","4,512.87","4,556.79",67.50399988,,,,
6/27/95,"4,542.61","4,592.41","4,511.48","4,542.61",67.39888723,,,,
6/26/95,"4,551.25","4,600.02","4,536.38","4,551.25",67.4629528,,,,
6/23/95,"4,585.84","4,609.70","4,549.18","4,585.84",67.71883047,,,,
6/22/95,"4,589.64","4,614.20","4,535.35","4,589.64",67.74688185,,,,
6/21/95,"4,547.10","4,583.07","4,517.02","4,547.10",67.43218816,,,,
6/20/95,"4,550.56","4,587.22","4,497.99","4,550.56",67.45783868,,,,
6/19/95,"4,553.68","4,577.19","4,498.69","4,553.68",67.48096028,,,,
6/16/95,"4,510.79","4,533.96","4,482.43","4,510.79",67.16241508,,,,
6/15/95,"4,496.27","4,527.74","4,466.87","4,496.27",67.05423178,,,,
6/14/95,"4,491.08","4,510.79","4,449.23","4,491.08",67.01552059,,,,
6/13/95,"4,484.51","4,504.91","4,440.24","4,484.51",66.96648415,,,,
6/12/95,"4,446.46","4,482.09","4,415.69","4,446.46",66.68178162,,,,
6/9/95,"4,423.99","4,466.87","4,394.59","4,423.99",66.51308142,,,,
6/8/95,"4,458.57","4,492.12","4,431.59","4,458.57",66.77252429,,,,
6/7/95,"4,462.03","4,497.65","4,432.29","4,462.03",66.79842813,,,,
6/6/95,"4,485.20","4,520.47","4,446.46","4,485.20",66.97163579,,,,
6/5/95,"4,476.55","4,510.45","4,417.76","4,476.55",66.90702504,,,,
6/2/95,"4,444.39","4,496.27","4,406.35","4,444.39",66.66625833,,,,
6/1/95,"4,472.75","4,499.72","4,421.56","4,472.75",66.8786214,0.053715532,5.6,,
5/31/95,"4,465.14","4,467.91","4,360.70","4,465.14",66.82170306,,,,
5/30/95,"4,378.68","4,412.92","4,334.41","4,378.68",66.17159511,,,,
5/26/95,"4,369.00","4,423.64","4,338.91","4,369.00",66.09841148,,,,
5/25/95,"4,412.23","4,451.31","4,375.91","4,412.23",66.42461893,,,,
5/24/95,"4,438.16","4,480.70","4,390.78","4,438.16",66.61951666,,,,
5/23/95,"4,436.44","4,451.65","4,372.46","4,436.44",66.60660628,,,,
5/22/95,"4,395.63","4,416.03","4,337.87","4,395.63",66.29954751,,,,
5/19/95,"4,341.33","4,368.65","4,287.38","4,341.33",65.88876991,,,,
5/18/95,"4,340.64","4,426.41","4,330.95","4,340.64",65.8835336,,,,
5/17/95,"4,422.60","4,452.69","4,386.63","4,422.60",66.50263153,,,,
5/16/95,"4,435.05","4,464.10","4,408.08","4,435.05",66.59617106,,,,
5/15/95,"4,437.47","4,468.94","4,398.74","4,437.47",66.6143378,,,,
5/12/95,"4,430.56","4,463.07","4,371.07","4,430.56",66.56245188,,,,
5/11/95,"4,411.19","4,446.12","4,365.19","4,411.19",66.41679005,,,,
5/10/95,"4,404.62","4,440.24","4,347.55","4,404.62",66.36731123,,,,
5/9/95,"4,390.78","4,421.22","4,360.00","4,390.78",66.262961,,,,
5/8/95,"4,383.87","4,407.04","4,316.43","4,383.87",66.21079972,,,,
5/5/95,"4,343.40","4,389.75","4,310.55","4,343.40",65.90447633,,,,
5/4/95,"4,359.66","4,426.41","4,329.92","4,359.66",66.02772145,,,,
5/3/95,"4,373.15","4,392.51","4,312.28","4,373.15",66.12979661,,,,
5/2/95,"4,328.88","4,348.25","4,288.42","4,328.88",65.79422467,,,,
5/1/95,"4,316.08","4,352.74","4,278.73","4,316.08",65.69687968,0.059666045,5.6,,
4/28/95,"4,321.27","4,348.94","4,270.78","4,321.27",65.73636741,,,,
4/27/95,"4,314.70","4,335.10","4,269.05","4,314.70",65.68637606,,,,
4/26/95,"4,299.83","4,324.73","4,267.32","4,299.83",65.57308899,,,,
4/25/95,"4,300.17","4,337.18","4,267.32","4,300.17",65.57568147,,,,
4/24/95,"4,303.98","4,328.88","4,239.65","4,303.98",65.60472544,,,,
4/21/95,"4,270.09","4,296.37","4,214.41","4,270.09",65.34592566,,,,
4/20/95,"4,230.66","4,263.86","4,186.39","4,230.66",65.04352389,,,,
4/19/95,"4,207.49","4,232.39","4,143.51","4,207.49",64.86516785,,,,
4/18/95,"4,179.13","4,221.67","4,152.15","4,179.13",64.64619092,,,,
4/17/95,"4,195.38","4,260.06","4,174.63","4,195.38",64.7717531,,,,
4/13/95,"4,208.18","4,243.46","4,173.94","4,208.18",64.87048636,,,,
4/12/95,"4,197.81","4,221.67","4,163.57","4,197.81",64.79050856,,,,
4/11/95,"4,187.08","4,229.97","4,168.06","4,187.08",64.70765024,,,,
4/10/95,"4,198.15","4,219.94","4,163.91","4,198.15",64.79313235,,,,
4/7/95,"4,192.62","4,226.86","4,154.23","4,192.62",64.75044401,,,,
4/6/95,"4,205.41","4,239.31","4,179.13","4,205.41",64.84913261,,,,
4/5/95,"4,200.57","4,229.62","4,166.33","4,200.57",64.81180448,,,,
4/4/95,"4,201.61","4,220.98","4,154.23","4,201.61",64.81982721,,,,
4/3/95,"4,168.41","4,202.30","4,129.68","4,168.41",64.56322483,0.059078026,5.8,,
3/31/95,"4,157.69","4,194.00","4,100.28","4,157.69",64.48015198,,,,
3/30/95,"4,172.56","4,213.37","4,128.29","4,172.56",64.59535587,,,,
3/29/95,"4,160.80","4,213.71","4,121.72","4,160.80",64.50426342,,,,
3/28/95,"4,151.81","4,176.02","4,120.68","4,151.81",64.43454043,,,,
3/27/95,"4,157.34","4,177.40","4,113.08","4,157.34",64.47743791,,,,
3/24/95,"4,138.67","4,155.27","4,087.14","4,138.67",64.33249568,,,,
3/23/95,"4,087.83","4,107.89","4,046.33","4,087.83",63.93614001,,,,
3/22/95,"4,082.99","4,107.54","4,039.07","4,082.99",63.89827854,,,,
3/21/95,"4,072.61","4,122.41","4,046.67","4,072.61",63.817004,,,,
3/20/95,"4,083.68","4,115.15","4,051.17","4,083.68",63.90367752,,,,
3/17/95,"4,073.65","4,101.66","4,044.94","4,073.65",63.82515178,,,,
3/16/95,"4,069.15","4,095.78","4,021.77","4,069.15",63.78988948,,,,
3/15/95,"4,038.37","4,070.19","4,008.63","4,038.37",63.54817071,,,,
3/14/95,"4,048.75","4,087.14","4,014.86","4,048.75",63.62978862,,,,
3/13/95,"4,025.23","4,060.85","3,999.29","4,025.23",63.44470033,,,,
3/10/95,"4,035.61","4,054.97","3,978.20","4,035.61",63.52645118,,,,
3/9/95,"3,983.39","4,011.40","3,953.99","3,983.39",63.11410302,,,,
3/8/95,"3,979.23","4,002.41","3,944.65","3,979.23",63.08113823,,,,
3/7/95,"3,962.63","4,009.67","3,935.31","3,962.63",62.94942414,,,,
3/6/95,"3,997.56","4,015.89","3,944.31","3,997.56",63.22626037,,,,
3/3/95,"3,989.61","4,004.83","3,946.03","3,989.61",63.16335963,,,,
3/2/95,"3,979.93","4,009.67","3,947.07","3,979.93",63.08668639,,,,
3/1/95,"3,994.80","4,033.19","3,960.56","3,994.80",63.20443022,0.061880378,5.4,,
2/28/95,"4,011.05","4,021.43","3,967.48","4,011.05",63.33285088,,,,
2/27/95,"3,988.57","4,033.19","3,966.78","3,988.57",63.15512647,,,,
2/24/95,"4,011.74","4,033.61","3,974.06","4,011.74",63.33829805,,,,
2/23/95,"4,003.33","4,034.62","3,979.45","4,003.33",63.27187369,,,,
2/22/95,"3,973.05","4,002.32","3,944.46","3,973.05",63.03213466,,,,
2/21/95,"3,963.97","3,989.88","3,930.66","3,963.97",62.96006671,,,,
2/17/95,"3,953.54","4,001.99","3,937.05","3,953.54",62.87718187,,,,
2/16/95,"3,987.52","4,011.07","3,948.16","3,987.52",63.14681306,,,,
2/15/95,"3,986.17","4,019.15","3,937.73","3,986.17",63.13612278,,,,
2/14/95,"3,958.25","3,984.83","3,930.66","3,958.25",62.91462469,,,,
2/13/95,"3,954.21","3,974.74","3,920.57","3,954.21",62.88250949,,,,
2/10/95,"3,939.07","3,962.96","3,908.46","3,939.07",62.7620108,,,,
2/9/95,"3,932.68","3,967.33","3,904.76","3,932.68",62.71108355,,,,
2/8/95,"3,935.37","3,967.67","3,909.13","3,935.37",62.73252745,,,,
2/7/95,"3,937.39","3,960.27","3,907.45","3,937.39",62.74862548,,,,
2/6/95,"3,937.73","3,964.31","3,900.04","3,937.73",62.75133465,,,,
2/3/95,"3,928.64","3,959.60","3,876.16","3,928.64",62.67886406,,,,
2/2/95,"3,870.77","3,884.23","3,828.38","3,870.77",62.21551254,,,,
2/1/95,"3,847.56","3,886.25","3,809.21","3,847.56",62.02870303,0.003487388,5.4,,
1/31/95,"3,843.86","3,872.12","3,809.54","3,843.86",61.99887096,,,,
1/30/95,"3,832.08","3,881.20","3,794.40","3,832.08",61.90379633,,,,
1/27/95,"3,857.99","3,914.18","3,827.37","3,857.99",62.11272011,,,,
1/26/95,"3,870.44","3,903.51","3,839.15","3,870.44",62.21286041,,,,
1/25/95,"3,871.45","3,908.79","3,832.08","3,871.45",62.22097717,,,,
1/24/95,"3,862.70","3,898.36","3,840.16","3,862.70",62.15062349,,,,
1/23/95,"3,867.41","3,885.58","3,815.26","3,867.41",62.18850376,,,,
1/20/95,"3,869.43","3,898.70","3,826.70","3,869.43",62.20474258,,,,
1/19/95,"3,882.21","3,929.99","3,866.74","3,882.21",62.30738319,,,,
1/18/95,"3,928.98","3,950.85","3,889.95","3,928.98",62.68157624,,,,
1/17/95,"3,930.66","3,953.88","3,895.33","3,930.66",62.69497588,,,,
1/16/95,"3,932.34","3,955.56","3,889.95","3,932.34",62.70837265,,,,
1/13/95,"3,908.46","3,924.27","3,852.61","3,908.46",62.5176775,,,,
1/12/95,"3,859.00","3,886.59","3,831.41","3,859.00",62.12084996,,,,
1/11/95,"3,862.03","3,899.71","3,824.68","3,862.03",62.14523312,,,,
1/10/95,"3,866.74","3,912.49","3,844.87","3,866.74",62.18311668,,,,
1/9/95,"3,861.35","3,889.28","3,834.44","3,861.35",62.13976183,,,,
1/6/95,"3,867.41","3,902.40","3,823.67","3,867.41",62.18850376,,,,
1/5/95,"3,850.92","3,876.83","3,825.35","3,850.92",62.05578136,,,,
1/4/95,"3,857.65","3,876.83","3,815.26","3,857.65",62.10998309,,,,
1/3/95,"3,838.48","3,864.72","3,805.50","3,838.48",61.95546788,0.053366269,5.6,,
12/30/94,"3,834.44","3,874.48","3,812.91","3,834.44",61.92285523,,,,
12/29/94,"3,833.43","3,867.41","3,812.91","3,833.43",61.91469939,,,,
12/28/94,"3,839.49","3,871.45","3,816.94","3,839.49",61.96361836,,,,
12/27/94,"3,861.69","3,882.21","3,832.08","3,861.69",62.14249754,,,,
12/23/94,"3,833.43","3,860.01","3,808.53","3,833.43",61.91469939,,,,
12/22/94,"3,814.92","3,850.59","3,780.61","3,814.92",61.76503865,,,,
12/21/94,"3,801.80","3,836.46","3,761.77","3,801.80",61.65873823,,,,
12/20/94,"3,767.15","3,807.19","3,752.35","3,767.15",61.377113,,,,
12/19/94,"3,790.70","3,815.26","3,764.46","3,790.70",61.56866086,,,,
12/16/94,"3,807.19","3,817.95","3,758.07","3,807.19",61.70243107,,,,
12/15/94,"3,765.47","3,794.07","3,729.13","3,765.47",61.36342559,,,,
12/14/94,"3,746.29","3,772.20","3,700.53","3,746.29",61.20694405,,,,
12/13/94,"3,715.34","3,749.32","3,690.78","3,715.34",60.9535889,,,,
12/12/94,"3,718.37","3,734.52","3,667.90","3,718.37",60.97843881,,,,
12/9/94,"3,691.11","3,713.32","3,638.97","3,691.11",60.75450601,,,,
12/8/94,"3,685.73","3,757.39","3,670.25","3,685.73",60.71021331,,,,
12/7/94,"3,735.52","3,758.07","3,700.87","3,735.52",61.11890051,,,,
12/6/94,"3,745.95","3,762.10","3,703.56","3,745.95",61.20416652,,,,
12/5/94,"3,741.92","3,779.93","3,715.67","3,741.92",61.17123507,,,,
12/2/94,"3,745.62","3,755.04","3,680.68","3,745.62",61.20147057,,,,
12/1/94,"3,700.87","3,755.37","3,680.68","3,700.87",60.83477624,-0.062916055,5.5,,
11/30/94,"3,739.23","3,783.30","3,718.37","3,739.23",61.14924366,,,,
11/29/94,"3,738.55","3,755.04","3,703.90","3,738.55",61.14368324,,,,
11/28/94,"3,739.56","3,759.41","3,693.13","3,739.56",61.15194192,,,,
11/25/94,"3,708.27","3,722.40","3,675.97","3,708.27",60.89556634,,,,
11/23/94,"3,674.63","3,704.91","3,612.05","3,674.63",60.61872648,,,,
11/22/94,"3,677.99","3,787.34","3,669.58","3,677.99",60.64643436,,,,
11/21/94,"3,769.51","3,845.20","3,758.74","3,769.51",61.3963354,,,,
11/18/94,"3,815.26","3,844.87","3,773.21","3,815.26",61.76779096,,,,
11/17/94,"3,828.05","3,868.08","3,797.77","3,828.05",61.87123726,,,,
11/16/94,"3,845.20","3,864.38","3,803.82","3,845.20",62.00967666,,,,
11/15/94,"3,826.36","3,871.45","3,794.40","3,826.36",61.85757836,,,,
11/14/94,"3,829.73","3,849.91","3,795.07","3,829.73",61.88481235,,,,
11/11/94,"3,801.47","3,830.06","3,779.93","3,801.47",61.65606215,,,,
11/10/94,"3,821.99","3,873.47","3,806.18","3,821.99",61.82224519,,,,
11/9/94,"3,831.75","3,882.89","3,798.44","3,831.75",61.90113085,,,,
11/8/94,"3,830.74","3,857.65","3,795.75","3,830.74",61.89297214,,,,
11/7/94,"3,808.87","3,830.40","3,781.62","3,808.87",61.7160433,,,,
11/4/94,"3,807.52","3,879.52","3,802.81","3,807.52",61.70510514,,,,
11/3/94,"3,845.88","3,872.46","3,814.25","3,845.88",62.01515944,,,,
11/2/94,"3,837.13","3,888.94","3,820.31","3,837.13",61.944572,,,,
11/1/94,"3,863.37","3,919.90","3,836.79","3,863.37",62.15601339,0.006319586,5.6,,
10/31/94,"3,908.12","3,956.90","3,889.28","3,908.12",62.51495821,,,,
10/28/94,"3,930.66","3,953.54","3,863.37","3,930.66",62.69497588,,,,
10/27/94,"3,875.15","3,893.99","3,834.44","3,875.15",62.25070281,,,,
10/26/94,"3,848.23","3,891.97","3,816.61","3,848.23",62.03410352,,,,
10/25/94,"3,850.59","3,883.56","3,803.49","3,850.59",62.0531224,,,,
10/24/94,"3,855.30","3,925.61","3,840.16","3,855.30",62.09106216,,,,
10/21/94,"3,891.30","3,921.58","3,861.35","3,891.30",62.38028535,,,,
10/20/94,"3,911.15","3,954.89","3,873.13","3,911.15",62.53918771,,,,
10/19/94,"3,936.04","3,958.25","3,887.93","3,936.04",62.73786735,,,,
10/18/94,"3,917.54","3,945.46","3,892.64","3,917.54",62.59025483,,,,
10/17/94,"3,923.93","3,949.84","3,883.22","3,923.93",62.64128032,,,,
10/14/94,"3,910.47","3,927.97","3,862.03","3,910.47",62.53375089,,,,
10/13/94,"3,889.95","3,944.12","3,878.18","3,889.95",62.36946368,,,,
10/12/94,"3,875.15","3,903.07","3,844.87","3,875.15",62.25070281,,,,
10/11/94,"3,876.83","3,898.36","3,818.96","3,876.83",62.26419517,,,,
10/10/94,"3,821.32","3,843.19","3,789.36","3,821.32",61.81682619,,,,
10/7/94,"3,797.43","3,826.03","3,754.37","3,797.43",61.62329105,,,,
10/6/94,"3,775.56","3,810.89","3,752.01","3,775.56",61.44558568,,,,
10/5/94,"3,787.34","3,811.56","3,736.20","3,787.34",61.5413682,,,,
10/4/94,"3,801.13","3,873.47","3,788.35","3,801.13",61.65330486,,,,
10/3/94,"3,846.89","3,872.79","3,809.21","3,846.89",62.02330207,-0.020866956,5.8,,
9/30/94,"3,843.19","3,891.30","3,825.69","3,843.19",61.9934674,,,,
9/29/94,"3,854.63","3,892.64","3,834.78","3,854.63",62.08566662,,,,
9/28/94,"3,878.18","3,904.76","3,854.29","3,878.18",62.27503513,,,,
9/27/94,"3,863.04","3,891.63","3,828.72","3,863.04",62.15335872,,,,
9/26/94,"3,849.24","3,869.43","3,804.50","3,849.24",62.04224367,,,,
9/23/94,"3,831.75","3,872.46","3,806.51","3,831.75",61.90113085,,,,
9/22/94,"3,837.13","3,882.55","3,818.29","3,837.13",61.944572,,,,
9/21/94,"3,851.60","3,886.92","3,806.85","3,851.60",62.06126006,,,,
9/20/94,"3,869.09","3,932.01","3,859.67","3,869.09",62.20200961,,,,
9/19/94,"3,936.72","3,972.72","3,909.80","3,936.72",62.74328649,,,,
9/16/94,"3,933.35","3,955.22","3,894.66","3,933.35",62.71642528,,,,
9/15/94,"3,953.88","3,959.93","3,883.90","3,953.88",62.8798855,,,,
9/14/94,"3,895.33","3,918.55","3,856.64","3,895.33",62.41257886,,,,
9/13/94,"3,879.86","3,905.76","3,854.29","3,879.86",62.28852222,,,,
9/12/94,"3,860.34","3,897.02","3,843.86","3,860.34",62.13163445,,,,
9/9/94,"3,874.81","3,902.06","3,844.20","3,874.81",62.24797185,,,,
9/8/94,"3,908.46","3,926.96","3,872.46","3,908.46",62.5176775,,,,
9/7/94,"3,886.25","3,920.90","3,860.68","3,886.25",62.33979467,,,,
9/6/94,"3,898.70","3,918.55","3,860.01","3,898.70",62.43957079,,,,
9/2/94,"3,885.58","3,928.64","3,871.98","3,885.58",62.33442067,,,,
9/1/94,"3,901.44","3,927.99","3,871.66","3,901.44",62.46150815,0.036183181,5.9,,
8/31/94,"3,913.42","3,954.54","3,878.78","3,913.42",62.5573337,,,,
8/30/94,"3,917.30","3,934.14","3,875.54","3,917.30",62.58833757,,,,
8/29/94,"3,898.85","3,927.34","3,869.39","3,898.85",62.44077194,,,,
8/26/94,"3,881.05","3,903.38","3,836.69","3,881.05",62.29807381,,,,
8/25/94,"3,829.89","3,872.63","3,810.47","3,829.89",61.88610506,,,,
8/24/94,"3,846.73","3,852.56","3,767.41","3,846.73",62.02201222,,,,
8/23/94,"3,775.83","3,804.64","3,745.07","3,775.83",61.44778271,,,,
8/22/94,"3,751.22","3,771.94","3,722.41","3,751.22",61.24720402,,,,
8/19/94,"3,755.11","3,785.22","3,727.59","3,755.11",61.27895234,,,,
8/18/94,"3,755.43","3,793.63","3,736.98","3,755.43",61.2815633,,,,
8/17/94,"3,776.48","3,812.09","3,754.46","3,776.48",61.45307153,,,,
8/16/94,"3,784.57","3,804.64","3,732.45","3,784.57",61.5188589,,,,
8/15/94,"3,760.29","3,798.17","3,742.16","3,760.29",61.32120351,,,,
8/12/94,"3,768.71","3,792.66","3,738.27","3,768.71",61.38982,,,,
8/11/94,"3,750.90","3,785.86","3,728.56","3,750.90",61.2445916,,,,
8/10/94,"3,766.76","3,793.96","3,738.27","3,766.76",61.37393584,,,,
8/9/94,"3,755.76","3,773.89","3,728.56","3,755.76",61.28425573,,,,
8/8/94,"3,753.81","3,780.68","3,732.77","3,753.81",61.26834419,,,,
8/5/94,"3,747.02","3,769.68","3,725.00","3,747.02",61.21290714,,,,
8/4/94,"3,765.79","3,807.23","3,752.52","3,765.79",61.36603295,,,,
8/3/94,"3,792.66","3,815.00","3,762.88","3,792.66",61.58457599,,,,
8/2/94,"3,796.22","3,829.25","3,776.48","3,796.22",61.61347255,,,,
8/1/94,"3,798.17","3,809.50","3,749.28","3,798.17",61.62929498,0.062089814,6.0,,
7/29/94,"3,764.50","3,782.63","3,726.30","3,764.50",61.35552135,,,,
7/28/94,"3,730.83","3,757.05","3,701.69","3,730.83",61.08052063,,,,
7/27/94,"3,720.47","3,753.17","3,693.27","3,720.47",60.99565558,,,,
7/26/94,"3,735.68","3,764.50","3,706.22","3,735.68",61.12020942,,,,
7/25/94,"3,741.84","3,762.56","3,713.67","3,741.84",61.17058116,,,,
7/22/94,"3,735.04","3,765.15","3,707.19","3,735.04",61.11497362,,,,
7/21/94,"3,732.45","3,763.20","3,684.86","3,732.45",61.09378037,,,,
7/20/94,"3,727.27","3,763.85","3,706.22","3,727.27",61.05137181,,,,
7/19/94,"3,748.31","3,777.45","3,726.30","3,748.31",61.22344322,,,,
7/18/94,"3,755.43","3,779.39","3,725.00","3,755.43",61.2815633,,,,
7/15/94,"3,753.81","3,769.35","3,712.37","3,753.81",61.26834419,,,,
7/14/94,"3,739.25","3,763.53","3,697.48","3,739.25",61.14940719,,,,
7/13/94,"3,704.28","3,738.27","3,683.89","3,704.28",60.86279652,,,,
7/12/94,"3,702.66","3,725.32","3,660.90","3,702.66",60.84948644,,,,
7/11/94,"3,702.99","3,735.36","3,671.26","3,702.99",60.85219799,,,,
7/8/94,"3,709.14","3,728.56","3,660.90","3,709.14",60.9027093,,,,
7/7/94,"3,688.42","3,714.32","3,656.04","3,688.42",60.7323637,,,,
7/6/94,"3,674.50","3,698.13","3,631.11","3,674.50",60.61765419,,,,
7/5/94,"3,652.48","3,680.65","3,621.73","3,652.48",60.43575101,,,,
7/1/94,"3,646.65","3,675.79","3,611.04","3,646.65",60.38749871,-0.042641259,6.1,,
6/30/94,"3,624.96","3,683.56","3,610.72","3,624.96",60.20764071,,,,
6/29/94,"3,667.05","3,711.73","3,645.68","3,667.05",60.55617227,,,,
6/28/94,"3,669.64","3,705.58","3,630.47","3,669.64",60.5775536,,,,
6/27/94,"3,685.50","3,694.89","3,603.92","3,685.50",60.70831903,,,,
6/24/94,"3,636.94","3,704.80","3,616.65","3,636.94",60.30704768,,,,
6/23/94,"3,699.09","3,752.04","3,685.14","3,699.09",60.82014469,,,,
6/22/94,"3,724.77","3,748.87","3,694.65","3,724.77",61.03089382,,,,
6/21/94,"3,707.97","3,756.80","3,674.68","3,707.97",60.89310306,,,,
6/20/94,"3,741.90","3,771.07","3,716.21","3,741.90",61.17107159,,,,
6/17/94,"3,776.78","3,821.48","3,764.09","3,776.78",61.45551236,,,,
6/16/94,"3,811.34","3,830.68","3,771.39","3,811.34",61.73605106,,,,
6/15/94,"3,790.41","3,838.29","3,772.02","3,790.41",61.56630572,,,,
6/14/94,"3,814.83","3,839.88","3,769.17","3,814.83",61.76431008,,,,
6/13/94,"3,783.12","3,808.17","3,741.26","3,783.12",61.50707276,,,,
6/10/94,"3,773.45","3,798.68","3,739.60","3,773.45",61.42841362,,,,
6/9/94,"3,753.14","3,776.83","3,721.45","3,753.14",61.2628762,,,,
6/8/94,"3,749.45","3,780.83","3,721.45","3,749.45",61.23275267,,,,
6/7/94,"3,755.91","3,788.52","3,733.14","3,755.91",61.28547952,,,,
6/6/94,"3,768.52","3,812.83","3,749.75","3,768.52",61.3882725,,,,
6/3/94,"3,772.22","3,792.22","3,732.52","3,772.22",61.41840115,,,,
6/2/94,"3,758.99","3,791.60","3,732.83","3,758.99",61.31060267,,,,
6/1/94,"3,760.83","3,785.14","3,717.76","3,760.83",61.3256064,0.023314158,6.1,,
5/31/94,"3,758.37","3,783.29","3,725.45","3,758.37",61.30554624,,,,
5/27/94,"3,757.14","3,772.18","3,723.68","3,757.14",61.2955137,,,,
5/26/94,"3,753.46","3,785.07","3,722.76","3,753.46",61.26548784,,,,
5/25/94,"3,755.30","3,768.19","3,710.79","3,755.30",61.28050261,,,,
5/24/94,"3,745.17","3,786.30","3,707.11","3,745.17",61.19779408,,,,
5/23/94,"3,742.41","3,770.65","3,711.40","3,742.41",61.17524009,,,,
5/20/94,"3,766.35","3,788.76","3,721.84","3,766.35",61.37059556,,,,
5/19/94,"3,758.98","3,782.92","3,707.72","3,758.98",61.31052112,,,,
5/18/94,"3,732.89","3,761.74","3,683.16","3,732.89",61.09738129,,,,
5/17/94,"3,720.61","3,735.04","3,653.70","3,720.61",60.99680319,,,,
5/16/94,"3,671.50","3,694.21","3,628.52","3,671.50",60.59290387,,,,
5/13/94,"3,659.68","3,690.32","3,626.37","3,659.68",60.49528907,,,,
5/12/94,"3,652.84","3,682.58","3,624.58","3,652.84",60.4387293,,,,
5/11/94,"3,629.04","3,678.42","3,609.71","3,629.04",60.24151393,,,,
5/10/94,"3,656.41","3,684.67","3,627.56","3,656.41",60.46825613,,,,
5/9/94,"3,629.04","3,676.93","3,612.39","3,629.04",60.24151393,,,,
5/6/94,"3,669.50","3,702.51","3,625.77","3,669.50",60.57639804,,,,
5/5/94,"3,695.97","3,731.07","3,675.45","3,695.97",60.79448988,,,,
5/4/94,"3,697.75","3,730.17","3,670.09","3,697.75",60.8091276,,,,
5/3/94,"3,714.41","3,736.12","3,669.79","3,714.41",60.94595967,,,,
5/2/94,"3,701.02","3,734.04","3,648.97","3,701.02",60.83600907,0.046918492,6.1,,
4/29/94,"3,681.69","3,707.87","3,642.13","3,681.69",60.67693137,,,,
4/28/94,"3,668.31","3,723.93","3,640.35","3,668.31",60.56657494,,,,
4/26/94,"3,699.54","3,733.15","3,669.79","3,699.54",60.82384401,,,,
4/25/94,"3,705.78","3,721.25","3,635.29","3,705.78",60.87511807,,,,
4/22/94,"3,648.68","3,690.32","3,621.01","3,648.68",60.40430448,,,,
4/21/94,"3,652.54","3,673.96","3,582.94","3,652.54",60.4362474,,,,
4/20/94,"3,598.71","3,662.66","3,546.65","3,598.71",59.98924904,,,,
4/19/94,"3,619.82","3,670.39","3,567.18","3,619.82",60.16493996,,,,
4/18/94,"3,620.42","3,679.61","3,593.35","3,620.42",60.16992604,,,,
4/15/94,"3,661.47","3,699.24","3,631.13","3,661.47",60.5100818,,,,
4/14/94,"3,663.25","3,693.59","3,625.77","3,663.25",60.52478831,,,,
4/13/94,"3,661.47","3,704.30","3,616.85","3,661.47",60.5100818,,,,
4/12/94,"3,681.69","3,722.14","3,661.17","3,681.69",60.67693137,,,,
4/11/94,"3,688.83","3,720.66","3,651.35","3,688.83",60.73573907,,,,
4/8/94,"3,674.26","3,717.15","3,644.03","3,674.26",60.61567454,,,,
4/7/94,"3,693.26","3,712.83","3,642.59","3,693.26",60.77219759,,,,
4/6/94,"3,679.73","3,722.34","3,643.16","3,679.73",60.6607781,,,,
4/5/94,"3,675.41","3,698.15","3,625.02","3,675.41",60.62515979,,,,
4/4/94,"3,593.35","3,633.08","3,520.80","3,593.35",59.94455772,-0.077147917,6.4,,
3/31/94,"3,635.96","3,673.10","3,544.12","3,635.96",60.29892205,,,,
3/30/94,"3,626.75","3,718.88","3,612.36","3,626.75",60.2225041,,,,
3/29/94,"3,699.02","3,771.86","3,689.23","3,699.02",60.81956922,,,,
3/28/94,"3,762.35","3,793.45","3,719.74","3,762.35",61.33799801,,,,
3/25/94,"3,774.73","3,845.85","3,764.66","3,774.73",61.43883137,,,,
3/24/94,"3,821.09","3,865.42","3,792.58","3,821.09",61.81496583,,,,
3/23/94,"3,869.46","3,901.41","3,839.80","3,869.46",62.20498372,,,,
3/22/94,"3,862.55","3,896.23","3,840.66","3,862.55",62.14941673,,,,
3/21/94,"3,864.85","3,898.25","3,838.65","3,864.85",62.16791777,,,,
3/18/94,"3,895.65","3,911.78","3,838.65","3,895.65",62.41514239,,,,
3/17/94,"3,865.14","3,891.34","3,821.66","3,865.14",62.17025012,,,,
3/16/94,"3,848.15","3,879.53","3,819.94","3,848.15",62.03345871,,,,
3/15/94,"3,849.59","3,888.46","3,826.85","3,849.59",62.04506427,,,,
3/14/94,"3,862.98","3,894.21","3,835.96","3,862.98",62.15287604,,,,
3/11/94,"3,862.70","3,872.83","3,806.69","3,862.70",62.15062349,,,,
3/10/94,"3,830.62","3,865.51","3,801.63","3,830.62",61.89200271,,,,
3/9/94,"3,853.41","3,874.52","3,817.95","3,853.41",62.07584071,,,,
3/8/94,"3,851.72","3,881.55","3,822.45","3,851.72",62.06222684,,,,
3/7/94,"3,856.22","3,882.40","3,824.71","3,856.22",62.09847019,,,,
3/4/94,"3,832.30","3,868.04","3,800.50","3,832.30",61.90557325,,,,
3/3/94,"3,824.42","3,862.13","3,784.74","3,824.42",61.84189518,,,,
3/2/94,"3,831.74","3,845.25","3,741.69","3,831.74",61.90105007,,,,
3/1/94,"3,809.23","3,848.34","3,772.93","3,809.23",61.71895981,-0.065338135,6.5,,
2/28/94,"3,832.02","3,874.52","3,817.95","3,832.02",61.9033117,,,,
2/25/94,"3,838.78","3,868.89","3,811.76","3,838.78",61.95788892,,,,
2/24/94,"3,839.90","3,895.62","3,823.86","3,839.90",61.96692666,,,,
2/23/94,"3,891.68","3,931.36","3,872.83","3,891.68",62.38333111,,,,
2/22/94,"3,911.66","3,928.83","3,873.39","3,911.66",62.54326503,,,,
2/18/94,"3,887.46","3,931.92","3,869.73","3,887.46",62.3494988,,,,
2/17/94,"3,922.64","3,975.82","3,894.21","3,922.64",62.63098275,,,,
2/16/94,"3,937.27","3,964.85","3,906.32","3,937.27",62.74766928,,,,
2/15/94,"3,928.27","3,950.50","3,891.40","3,928.27",62.67591244,,,,
2/14/94,"3,904.06","3,935.86","3,873.67","3,904.06",62.48247754,,,,
2/11/94,"3,894.78","3,920.95","3,855.94","3,894.78",62.40817254,,,,
2/10/94,"3,895.34","3,953.59","3,882.96","3,895.34",62.41265897,,,,
2/9/94,"3,931.92","3,956.97","3,887.74","3,931.92",62.70502372,,,,
2/8/94,"3,906.03","3,951.34","3,873.67","3,906.03",62.49823998,,,,
2/7/94,"3,906.32","3,923.48","3,840.75","3,906.32",62.50056,,,,
2/4/94,"3,871.42","3,979.76","3,857.63","3,871.42",62.22073609,,,,
2/3/94,"3,967.66","3,995.52","3,932.77","3,967.66",62.98936418,,,,
2/2/94,"3,975.54","3,997.78","3,937.27","3,975.54",63.0518834,,,,
2/1/94,"3,964.01","3,998.06","3,938.12","3,964.01",62.96038437,0.07948932,6.6,,
1/31/94,"3,978.36","4,002.84","3,937.27","3,978.36",63.07424197,,,,
1/28/94,"3,945.43","3,971.89","3,919.54","3,945.43",62.81265796,,,,
1/27/94,"3,926.30","3,951.34","3,876.77","3,926.30",62.6601947,,,,
1/26/94,"3,908.00","3,934.74","3,863.82","3,908.00",62.51399843,,,,
1/25/94,"3,895.34","3,937.55","3,863.82","3,895.34",62.41265897,,,,
1/24/94,"3,912.79","3,947.68","3,882.11","3,912.79",62.55229812,,,,
1/21/94,"3,914.48","3,933.33","3,875.36","3,914.48",62.56580536,,,,
1/20/94,"3,891.96","3,915.60","3,857.91","3,891.96",62.38557526,,,,
1/19/94,"3,884.37","3,909.97","3,839.34","3,884.37",62.3247142,,,,
1/18/94,"3,870.29","3,905.19","3,840.75","3,870.29",62.21165486,,,,
1/17/94,"3,870.29","3,896.75","3,833.71","3,870.29",62.21165486,,,,
1/14/94,"3,867.20","3,891.96","3,830.62","3,867.20",62.18681532,,,,
1/13/94,"3,842.43","3,864.67","3,808.38","3,842.43",61.98733742,,,,
1/12/94,"3,848.63","3,876.49","3,809.79","3,848.63",62.03732747,,,,
1/11/94,"3,850.31","3,885.21","3,823.02","3,850.31",62.05086623,,,,
1/10/94,"3,865.51","3,874.52","3,804.72","3,865.51",62.17322575,,,,
1/7/94,"3,820.77","3,842.15","3,778.83","3,820.77",61.8123774,,,,
1/6/94,"3,803.88","3,843.84","3,771.52","3,803.88",61.67560296,,,,
1/5/94,"3,798.82","3,821.33","3,750.41","3,798.82",61.63456822,,,,
1/4/94,"3,783.90","3,798.25","3,718.89","3,783.90",61.51341317,,,,
1/3/94,"3,756.60","3,790.70","3,715.24","3,756.60",61.29110865,0.022158652,6.6,,
12/31/93,"3,754.09","3,804.11","3,745.15","3,754.09",61.27062918,,,,
12/30/93,"3,775.88","3,806.34","3,759.96","3,775.88",61.44818956,,,,
12/29/93,"3,794.33","3,818.92","3,764.43","3,794.33",61.59813309,,,,
12/28/93,"3,793.77","3,813.33","3,766.10","3,793.77",61.59358733,,,,
12/27/93,"3,792.93","3,804.95","3,750.46","3,792.93",61.58676806,,,,
12/23/93,"3,757.72","3,791.81","3,739.56","3,757.72",61.3002447,,,,
12/22/93,"3,762.19","3,780.64","3,725.86","3,762.19",61.33669375,,,,
12/21/93,"3,745.15","3,774.77","3,719.72","3,745.15",61.19763067,,,,
12/20/93,"3,755.21","3,777.84","3,728.66","3,755.21",61.27976828,,,,
12/17/93,"3,751.57","3,768.90","3,706.30","3,751.57",61.25006122,,,,
12/16/93,"3,726.14","3,756.60","3,694.29","3,726.14",61.04211661,,,,
12/15/93,"3,716.92","3,776.44","3,689.82","3,716.92",60.9665482,,,,
12/14/93,"3,742.63","3,785.94","3,726.70","3,742.63",61.17703818,,,,
12/13/93,"3,764.43","3,780.64","3,711.33","3,764.43",61.3549509,,,,
12/10/93,"3,740.67","3,758.84","3,704.91","3,740.67",61.161017,,,,
12/9/93,"3,729.78","3,764.43","3,709.94","3,729.78",61.07192481,,,,
12/8/93,"3,734.53","3,756.60","3,693.73","3,734.53",61.11080101,,,,
12/7/93,"3,718.88","3,746.82","3,689.26","3,718.88",60.98262048,,,,
12/6/93,"3,710.21","3,738.44","3,687.30","3,710.21",60.91149317,,,,
12/3/93,"3,704.07","3,726.98","3,677.80","3,704.07",60.8610713,,,,
12/2/93,"3,702.11","3,725.30","3,674.17","3,702.11",60.84496692,,,,
12/1/93,"3,697.08","3,731.73","3,673.33","3,697.08",60.80361831,0.001750895,6.5,,
11/30/93,"3,683.95","3,713.57","3,654.88","3,683.95",60.69555173,,,,
11/29/93,"3,677.80","3,721.67","3,654.33","3,677.80",60.64486788,,,,
11/26/93,"3,683.95","3,703.23","3,660.75","3,683.95",60.69555173,,,,
11/24/93,"3,687.58","3,709.94","3,654.33","3,687.58",60.72544771,,,,
11/23/93,"3,674.17","3,702.67","3,649.57","3,674.17",60.61493215,,,,
11/22/93,"3,670.25","3,697.92","3,627.78","3,670.25",60.58258826,,,,
11/19/93,"3,694.01","3,711.05","3,640.07","3,694.01",60.77836786,,,,
11/18/93,"3,685.34","3,721.95","3,649.57","3,685.34",60.70700124,,,,
11/17/93,"3,704.35","3,749.90","3,660.19","3,704.35",60.86337158,,,,
11/16/93,"3,710.77","3,723.91","3,653.77","3,710.77",60.91608983,,,,
11/15/93,"3,677.52","3,705.74","3,653.49","3,677.52",60.64255931,,,,
11/12/93,"3,684.51","3,707.42","3,648.74","3,684.51",60.70016474,,,,
11/11/93,"3,662.43","3,700.43","3,638.40","3,662.43",60.51801385,,,,
11/10/93,"3,663.55","3,683.39","3,616.60","3,663.55",60.52726658,,,,
11/9/93,"3,640.07","3,689.82","3,623.03","3,640.07",60.33299263,,,,
11/8/93,"3,647.90","3,674.17","3,621.91","3,647.90",60.39784764,,,,
11/5/93,"3,643.43","3,663.83","3,585.86","3,643.43",60.36083167,,,,
11/4/93,"3,624.98","3,681.99","3,609.61","3,624.98",60.2078068,,,,
11/3/93,"3,661.87","3,714.69","3,638.40","3,661.87",60.51338695,,,,
11/2/93,"3,697.64","3,724.75","3,656.00","3,697.64",60.80822313,,,,
11/1/93,"3,692.61","3,708.26","3,656.84","3,692.61",60.76684952,0.044022535,6.6,,
10/29/93,"3,680.59","3,712.45","3,656.84","3,680.59",60.66786629,,,,
10/28/93,"3,687.86","3,713.57","3,657.96","3,687.86",60.72775313,,,,
10/27/93,"3,664.66","3,692.33","3,634.76","3,664.66",60.53643531,,,,
10/26/93,"3,672.49","3,701.55","3,636.16","3,672.49",60.6010726,,,,
10/25/93,"3,673.61","3,694.01","3,618.28","3,673.61",60.61031265,,,,
10/22/93,"3,649.30","3,697.92","3,612.13","3,649.30",60.40943635,,,,
10/21/93,"3,636.16","3,678.36","3,610.45","3,636.16",60.30058043,,,,
10/20/93,"3,645.10","3,667.74","3,611.85","3,645.10",60.37466356,,,,
10/19/93,"3,635.32","3,669.97","3,601.79","3,635.32",60.29361492,,,,
10/18/93,"3,642.31","3,675.84","3,595.92","3,642.31",60.35155342,,,,
10/15/93,"3,629.73","3,664.66","3,596.20","3,629.73",60.2472406,,,,
10/14/93,"3,621.63","3,652.09","3,574.40","3,621.63",60.17998006,,,,
10/13/93,"3,603.19","3,628.34","3,574.12","3,603.19",60.02657745,,,,
10/12/93,"3,593.13","3,619.39","3,575.24","3,593.13",59.94272266,,,,
10/11/93,"3,593.41","3,611.01","3,565.46","3,593.41",59.94505818,,,,
10/8/93,"3,584.74","3,610.45","3,550.37","3,584.74",59.87269829,,,,
10/7/93,"3,583.63","3,616.32","3,564.90","3,583.63",59.8634279,,,,
10/6/93,"3,598.99","3,620.79","3,570.21","3,598.99",59.99158274,,,,
10/5/93,"3,587.26","3,616.88","3,553.72","3,587.26",59.89373924,,,,
10/4/93,"3,577.76","3,603.19","3,550.65","3,577.76",59.81437954,,,,
10/1/93,"3,581.11","3,605.14","3,541.71","3,581.11",59.84237629,-0.025347013,6.8,,
9/30/93,"3,555.12","3,583.63","3,528.57","3,555.12",59.62482704,,,,
9/29/93,"3,566.30","3,596.48","3,538.91","3,566.30",59.71850634,,,,
9/28/93,"3,566.02","3,589.49","3,542.27","3,566.02",59.71616197,,,,
9/27/93,"3,567.70","3,589.49","3,539.47","3,567.70",59.73022685,,,,
9/24/93,"3,543.11","3,568.54","3,507.90","3,543.11",59.52402876,,,,
9/23/93,"3,539.75","3,567.70","3,513.48","3,539.75",59.49579817,,,,
9/22/93,"3,547.02","3,577.20","3,516.56","3,547.02",59.55686358,,,,
9/21/93,"3,537.24","3,592.57","3,501.47","3,537.24",59.4747005,,,,
9/20/93,"3,575.80","3,632.81","3,567.98","3,575.80",59.79799328,,,,
9/17/93,"3,613.25","3,637.28","3,580.83","3,613.25",60.11031525,,,,
9/16/93,"3,630.85","3,651.25","3,601.79","3,630.85",60.25653492,,,,
9/15/93,"3,633.65","3,644.82","3,573.84","3,633.65",60.27976443,,,,
9/14/93,"3,615.76","3,639.51","3,590.61","3,615.76",60.13118991,,,,
9/13/93,"3,634.21","3,655.16","3,607.66","3,634.21",60.28440926,,,,
9/10/93,"3,621.63","3,636.16","3,576.64","3,621.63",60.17998006,,,,
9/9/93,"3,589.49","3,616.04","3,556.52","3,589.49",59.91235265,,,,
9/8/93,"3,588.93","3,623.31","3,561.27","3,588.93",59.90767897,,,,
9/7/93,"3,607.10","3,649.02","3,592.57","3,607.10",60.05913752,,,,
9/3/93,"3,633.93","3,651.53","3,603.75","3,633.93",60.28208689,,,,
9/2/93,"3,626.10","3,660.19","3,610.17","3,626.10",60.2171072,,,,
9/1/93,"3,645.10","3,665.50","3,619.67","3,645.10",60.37466356,0.031846925,6.7,,
8/31/93,"3,651.25","3,662.99","3,619.67","3,651.25",60.42557406,,,,
8/30/93,"3,643.99","3,667.46","3,621.63","3,643.99",60.36547026,,,,
8/27/93,"3,640.63","3,656.28","3,606.54","3,640.63",60.33763336,,,,
8/26/93,"3,648.18","3,681.71","3,620.23","3,648.18",60.40016556,,,,
8/25/93,"3,652.09","3,674.17","3,620.51","3,652.09",60.43252436,,,,
8/24/93,"3,638.96","3,648.18","3,590.89","3,638.96",60.32379298,,,,
8/23/93,"3,605.98","3,630.57","3,578.87","3,605.98",60.04981266,,,,
8/20/93,"3,615.48","3,633.37","3,580.55","3,615.48",60.12886162,,,,
8/19/93,"3,612.13","3,632.25","3,581.11","3,612.13",60.10099833,,,,
8/18/93,"3,604.86","3,638.96","3,577.48","3,604.86",60.04048634,,,,
8/17/93,"3,586.98","3,611.29","3,554.00","3,586.98",59.89140172,,,,
8/16/93,"3,579.15","3,606.54","3,547.86","3,579.15",59.82599769,,,,
8/13/93,"3,569.65","3,594.52","3,547.58","3,569.65",59.74654802,,,,
8/12/93,"3,569.09","3,607.66","3,537.24","3,569.09",59.74186137,,,,
8/11/93,"3,583.35","3,607.94","3,550.93","3,583.35",59.8610892,,,,
8/10/93,"3,572.73","3,599.83","3,547.02","3,572.73",59.77231801,,,,
8/9/93,"3,576.08","3,599.83","3,541.15","3,576.08",59.80033445,,,,
8/6/93,"3,560.43","3,583.35","3,536.12","3,560.43",59.66933886,,,,
8/5/93,"3,548.97","3,574.12","3,523.54","3,548.97",59.57323224,,,,
8/4/93,"3,552.05","3,579.99","3,530.25","3,552.05",59.59907717,,,,
8/3/93,"3,561.27","3,588.10","3,530.81","3,561.27",59.67637724,,,,
8/2/93,"3,560.99","3,578.32","3,524.94","3,560.99",59.6740312,0.020201004,6.8,,
7/30/93,"3,539.47","3,581.11","3,515.72","3,539.47",59.49344502,,,,
7/29/93,"3,567.42","3,593.41","3,531.37","3,567.42",59.72788294,,,,
7/28/93,"3,553.45","3,588.38","3,524.38","3,553.45",59.61082117,,,,
7/27/93,"3,565.46","3,604.86","3,533.60","3,565.46",59.71147293,,,,
7/26/93,"3,567.70","3,584.74","3,541.43","3,567.70",59.73022685,,,,
7/23/93,"3,546.74","3,569.37","3,508.17","3,546.74",59.55451284,,,,
7/22/93,"3,525.22","3,566.86","3,514.32","3,525.22",59.37356314,,,,
7/21/93,"3,555.40","3,573.84","3,516.84","3,555.40",59.62717501,,,,
7/20/93,"3,544.78","3,567.98","3,500.63","3,544.78",59.53805506,,,,
7/19/93,"3,535.28","3,563.23","3,502.87","3,535.28",59.45822063,,,,
7/16/93,"3,528.29","3,571.61","3,505.94","3,528.29",59.39941077,,,,
7/15/93,"3,550.93","3,573.01","3,509.85","3,550.93",59.58968031,,,,
7/14/93,"3,542.55","3,562.39","3,507.34","3,542.55",59.51932459,,,,
7/13/93,"3,515.44","3,544.22","3,491.13","3,515.44",59.29114605,,,,
7/12/93,"3,524.38","3,545.97","3,495.04","3,524.38",59.36648886,,,,
7/9/93,"3,521.06","3,544.03","3,490.89","3,521.06",59.33852037,,,,
7/8/93,"3,514.42","3,532.41","3,462.38","3,514.42",59.28254381,,,,
7/7/93,"3,475.67","3,495.32","3,443.28","3,475.67",58.9548132,,,,
7/6/93,"3,449.93","3,502.52","3,443.28","3,449.93",58.73610474,,,,
7/2/93,"3,483.97","3,511.65","3,465.47","3,483.97",59.02516413,,,,
7/1/93,"3,510.54","3,542.10","3,487.29","3,510.54",59.24981013,-0.01598636,6.9,,
6/30/93,"3,516.08","3,543.48","3,493.11","3,516.08",59.2965429,,,,
6/29/93,"3,518.85","3,544.87","3,491.44","3,518.85",59.31989548,,,,
6/28/93,"3,530.20","3,542.10","3,486.74","3,530.20",59.4154862,,,,
6/25/93,"3,490.89","3,512.76","3,473.18","3,490.89",59.08375411,,,,
6/24/93,"3,490.61","3,504.73","3,449.10","3,490.61",59.08138455,,,,
6/23/93,"3,466.81","3,514.14","3,445.77","3,466.81",58.87962296,,,,
6/22/93,"3,497.53","3,530.47","3,474.28","3,497.53",59.13991884,,,,
6/21/93,"3,510.82","3,531.86","3,477.05","3,510.82",59.25217296,,,,
6/18/93,"3,494.77","3,539.88","3,478.44","3,494.77",59.11657974,,,,
6/17/93,"3,521.89","3,539.61","3,488.68","3,521.89",59.34551373,,,,
6/16/93,"3,511.65","3,527.43","3,460.17","3,511.65",59.2591765,,,,
6/15/93,"3,492.00","3,531.86","3,471.24","3,492.00",59.09314681,,,,
6/14/93,"3,514.69","3,538.22","3,486.74","3,514.69",59.28482099,,,,
6/11/93,"3,505.01","3,536.01","3,479.27","3,505.01",59.20312492,,,,
6/10/93,"3,491.72","3,538.22","3,461.83","3,491.72",59.09077762,,,,
6/9/93,"3,511.93","3,541.54","3,490.89","3,511.93",59.26153896,,,,
6/8/93,"3,510.54","3,543.48","3,494.21","3,510.54",59.24981013,,,,
6/7/93,"3,532.13","3,570.33","3,510.82","3,532.13",59.43172553,,,,
6/4/93,"3,545.14","3,563.13","3,516.63","3,545.14",59.54107826,,,,
6/3/93,"3,544.87","3,569.50","3,516.08","3,544.87",59.53881087,,,,
6/2/93,"3,553.45","3,576.14","3,530.47","3,553.45",59.61082117,,,,
6/1/93,"3,552.34","3,577.25","3,518.02","3,552.34",59.60151005,0.044747582,7.0,,
5/28/93,"3,527.43","3,563.41","3,503.62","3,527.43",59.3921712,,,,
5/27/93,"3,554.83","3,582.23","3,523.28","3,554.83",59.62239512,,,,
5/26/93,"3,540.16","3,558.98","3,498.64","3,540.16",59.49924369,,,,
5/25/93,"3,516.63","3,534.35","3,486.46","3,516.63",59.30118043,,,,
5/24/93,"3,507.78","3,526.60","3,472.35","3,507.78",59.22651433,,,,
5/21/93,"3,492.83","3,532.96","3,468.47","3,492.83",59.1001692,,,,
5/20/93,"3,523.28","3,539.88","3,475.39","3,523.28",59.35722365,,,,
5/19/93,"3,500.03","3,511.10","3,405.09","3,500.03",59.16105138,,,,
5/18/93,"3,444.39","3,468.47","3,409.79","3,444.39",58.6889257,,,,
5/17/93,"3,449.93","3,465.98","3,421.42","3,449.93",58.73610474,,,,
5/14/93,"3,443.01","3,472.62","3,421.14","3,443.01",58.67716762,,,,
5/13/93,"3,447.99","3,486.74","3,428.89","3,447.99",58.71958787,,,,
5/12/93,"3,482.31","3,501.69","3,441.07","3,482.31",59.01110065,,,,
5/11/93,"3,468.75","3,481.76","3,421.42","3,468.75",58.89609495,,,,
5/10/93,"3,443.28","3,485.36","3,420.31","3,443.28",58.6794683,,,,
5/7/93,"3,437.19","3,468.47","3,413.67","3,437.19",58.62755325,,,,
5/6/93,"3,441.90","3,475.67","3,418.93","3,441.90",58.66770832,,,,
5/5/93,"3,449.10","3,478.44","3,420.86","3,449.10",58.72903881,,,,
5/4/93,"3,446.19","3,477.26","3,424.04","3,446.19",58.70425879,,,,
5/3/93,"3,446.46","3,462.94","3,402.42","3,446.46",58.70655841,0.002848541,7.1,,
4/30/93,"3,427.55","3,466.18","3,405.39","3,427.55",58.54528162,,,,
4/29/93,"3,425.12","3,444.57","3,377.57","3,425.12",58.52452477,,,,
4/28/93,"3,413.50","3,445.65","3,372.16","3,413.50",58.42516581,,,,
4/27/93,"3,415.93","3,433.76","3,364.06","3,415.93",58.44595794,,,,
4/26/93,"3,398.37","3,442.14","3,369.46","3,398.37",58.29554014,,,,
4/23/93,"3,413.77","3,448.08","3,385.67","3,413.77",58.42747641,,,,
4/22/93,"3,429.17","3,488.33","3,399.99","3,429.17",58.55911543,,,,
4/21/93,"3,439.44","3,480.77","3,401.34","3,439.44",58.64673904,,,,
4/20/93,"3,443.49","3,486.71","3,400.26","3,443.49",58.68125766,,,,
4/19/93,"3,466.99","3,499.41","3,436.73","3,466.99",58.88115148,,,,
4/16/93,"3,478.61","3,498.60","3,437.54","3,478.61",58.97974228,,,,
4/15/93,"3,455.92","3,484.28","3,419.17","3,455.92",58.78707341,,,,
4/14/93,"3,455.64","3,482.93","3,424.85","3,455.64",58.78469188,,,,
4/13/93,"3,444.03","3,469.42","3,408.37","3,444.03",58.6858586,,,,
4/12/93,"3,428.09","3,452.67","3,391.08","3,428.09",58.54989325,,,,
4/8/93,"3,396.48","3,429.44","3,357.58","3,396.48",58.27932738,,,,
4/7/93,"3,397.02","3,417.55","3,355.41","3,397.02",58.28396006,,,,
4/6/93,"3,377.57","3,417.55","3,339.75","3,377.57",58.11686502,,,,
4/5/93,"3,379.19","3,411.61","3,338.39","3,379.19",58.13080079,,,,
4/2/93,"3,370.81","3,424.31","3,344.88","3,370.81",58.05867722,,,,
4/1/93,"3,439.44","3,466.45","3,419.98","3,439.44",58.64673904,0.031340787,7.1,,
3/31/93,"3,435.11","3,484.82","3,424.85","3,435.11",58.60981147,,,,
3/30/93,"3,457.27","3,481.58","3,422.14","3,457.27",58.7985544,,,,
3/29/93,"3,455.10","3,487.52","3,431.87","3,455.10",58.78009867,,,,
3/26/93,"3,439.98","3,484.28","3,428.63","3,439.98",58.6513427,,,,
3/25/93,"3,461.32","3,485.36","3,429.44","3,461.32",58.83298395,,,,
3/24/93,"3,445.38","3,489.14","3,417.55","3,445.38",58.6973594,,,,
3/23/93,"3,461.86","3,488.60","3,438.08","3,461.86",58.83757303,,,,
3/22/93,"3,463.48","3,483.20","3,429.71","3,463.48",58.85133813,,,,
3/19/93,"3,471.58","3,493.20","3,446.46","3,471.58",58.92011541,,,,
3/18/93,"3,465.64","3,486.17","3,427.01","3,465.64",58.8696866,,,,
3/17/93,"3,426.74","3,458.35","3,408.91","3,426.74",58.53836349,,,,
3/16/93,"3,442.95","3,466.72","3,423.77","3,442.95",58.67665635,,,,
3/15/93,"3,442.41","3,460.51","3,412.96","3,442.41",58.67205468,,,,
3/12/93,"3,427.82","3,447.81","3,385.40","3,427.82",58.54758748,,,,
3/11/93,"3,457.00","3,493.74","3,437.27","3,457.00",58.79625838,,,,
3/10/93,"3,478.34","3,497.25","3,432.68","3,478.34",58.97745332,,,,
3/9/93,"3,472.12","3,495.63","3,443.76","3,472.12",58.92469771,,,,
3/8/93,"3,469.42","3,476.99","3,401.34","3,469.42",58.90178266,,,,
3/5/93,"3,404.58","3,447.81","3,373.25","3,404.58",58.34877891,,,,
3/4/93,"3,398.91","3,423.77","3,372.43","3,398.91",58.30017153,,,,
3/3/93,"3,404.04","3,437.00","3,368.92","3,404.04",58.34415138,,,,
3/2/93,"3,400.53","3,406.21","3,334.07","3,400.53",58.31406348,,,,
3/1/93,"3,355.41","3,404.58","3,336.23","3,355.41",57.92590094,0.010571739,7.0,,
2/26/93,"3,370.81","3,396.21","3,336.23","3,370.81",58.05867722,,,,
2/25/93,"3,365.14","3,387.02","3,326.78","3,365.14",58.00982675,,,,
2/24/93,"3,356.50","3,371.89","3,311.92","3,356.50",57.93530875,,,,
2/23/93,"3,323.27","3,373.52","3,296.79","3,323.27",57.64781002,,,,
2/22/93,"3,342.99","3,367.30","3,297.06","3,342.99",57.81859562,,,,
2/19/93,"3,322.18","3,347.04","3,270.04","3,322.18",57.63835529,,,,
2/18/93,"3,302.19","3,362.98","3,262.48","3,302.19",57.46468481,,,,
2/17/93,"3,312.19","3,338.12","3,273.56","3,312.19",57.551629,,,,
2/16/93,"3,309.49","3,391.62","3,285.98","3,309.49",57.52816701,,,,
2/12/93,"3,392.43","3,436.19","3,378.11","3,392.43",58.24457056,,,,
2/11/93,"3,422.69","3,455.64","3,395.94","3,422.69",58.50376056,,,,
2/10/93,"3,412.42","3,438.08","3,379.19","3,412.42",58.41592249,,,,
2/9/93,"3,414.58","3,449.16","3,394.86","3,414.58",58.43440767,,,,
2/8/93,"3,437.54","3,472.94","3,408.91","3,437.54",58.63053812,,,,
2/5/93,"3,442.14","3,463.21","3,391.62","3,442.14",58.66975371,,,,
2/4/93,"3,416.74","3,441.33","3,367.03","3,416.74",58.45288701,,,,
2/3/93,"3,373.79","3,397.83","3,322.73","3,373.79",58.08433524,,,,
2/2/93,"3,328.67","3,355.68","3,300.30","3,328.67",57.69462713,,,,
2/1/93,"3,332.18","3,343.80","3,300.30","3,332.18",57.7250379,0.00996088,7.1,,
1/29/93,"3,310.03","3,331.10","3,287.06","3,310.03",57.53286018,,,,
1/28/93,"3,306.25","3,327.86","3,270.58","3,306.25",57.5,,,,
1/27/93,"3,291.39","3,318.67","3,260.05","3,291.39",57.37063709,,,,
1/26/93,"3,298.95","3,331.91","3,272.47","3,298.95",57.43648666,,,,
1/25/93,"3,292.20","3,324.89","3,243.84","3,292.20",57.37769602,,,,
1/22/93,"3,256.81","3,292.74","3,225.74","3,256.81",57.06846765,,,,
1/21/93,"3,253.02","3,269.77","3,219.25","3,253.02",57.03525226,,,,
1/20/93,"3,241.95","3,278.96","3,231.41","3,241.95",56.93812431,,,,
1/19/93,"3,255.99","3,299.49","3,239.52","3,255.99",57.06128285,,,,
1/18/93,"3,274.91","3,296.52","3,244.65","3,274.91",57.22682937,,,,
1/15/93,"3,271.12","3,300.03","3,238.70","3,271.12",57.19370595,,,,
1/14/93,"3,267.88","3,297.06","3,230.87","3,267.88",57.16537414,,,,
1/13/93,"3,263.56","3,283.01","3,225.47","3,263.56",57.12757653,,,,
1/12/93,"3,264.64","3,287.06","3,229.79","3,264.64",57.13702827,,,,
1/11/93,"3,262.75","3,284.09","3,228.98","3,262.75",57.12048669,,,,
1/8/93,"3,251.67","3,280.31","3,221.68","3,251.67",57.02341624,,,,
1/7/93,"3,268.69","3,268.69","3,268.69","3,268.69",57.1724584,,,,
1/6/93,"3,305.16","3,330.29","3,276.53","3,305.16",57.49052096,,,,
1/5/93,"3,307.87","3,338.12","3,279.23","3,307.87",57.51408523,,,,
1/4/93,"3,309.22","3,335.69","3,282.74","3,309.22",57.52582029,0.005877487,7.3,,
12/31/92,"3,301.11","3,340.29","3,294.36","3,301.11",57.45528696,,,,
12/30/92,"3,321.10","3,338.93","3,299.22","3,321.10",57.62898576,,,,
12/29/92,"3,310.84","3,364.87","3,295.71","3,310.84",57.5398992,,,,
12/28/92,"3,333.26","3,352.17","3,297.33","3,333.26",57.73439183,,,,
12/24/92,"3,326.24","3,339.48","3,303.27","3,326.24",57.67356413,,,,
12/23/92,"3,313.54","3,350.55","3,293.01","3,313.54",57.5633564,,,,
12/22/92,"3,321.10","3,347.04","3,286.52","3,321.10",57.62898576,,,,
12/21/92,"3,312.46","3,335.15","3,280.85","3,312.46",57.55397467,,,,
12/18/92,"3,313.27","3,325.97","3,261.94","3,313.27",57.56101111,,,,
12/17/92,"3,269.23","3,289.22","3,229.79","3,269.23",57.17718076,,,,
12/16/92,"3,255.18","3,303.00","3,238.70","3,255.18",57.05418477,,,,
12/15/92,"3,284.36","3,313.27","3,260.32","3,284.36",57.30933606,,,,
12/14/92,"3,292.20","3,324.89","3,279.50","3,292.20",57.37769602,,,,
12/11/92,"3,304.08","3,324.89","3,280.85","3,304.08",57.48112734,,,,
12/10/92,"3,312.19","3,335.69","3,285.17","3,312.19",57.551629,,,,
12/9/92,"3,323.81","3,345.42","3,295.98","3,323.81",57.65249344,,,,
12/8/92,"3,322.18","3,331.64","3,288.41","3,322.18",57.63835529,,,,
12/7/92,"3,307.33","3,320.56","3,274.37","3,307.33",57.50939054,,,,
12/4/92,"3,288.68","3,312.46","3,261.40","3,288.68",57.34701387,,,,
12/3/92,"3,276.53","3,302.73","3,252.48","3,276.53",57.24098182,,,,
12/2/92,"3,286.25","3,310.84","3,265.18","3,286.25",57.32582315,,,,
12/1/92,"3,294.36","3,321.64","3,268.15","3,294.36",57.39651557,0.014037796,7.4,,
11/30/92,"3,305.16","3,326.51","3,270.31","3,305.16",57.49052096,,,,
11/27/92,"3,282.20","3,304.62","3,259.24","3,282.20",57.29048787,,,,
11/25/92,"3,266.26","3,285.71","3,243.57","3,266.26",57.15120296,,,,
11/24/92,"3,248.70","3,277.88","3,209.26","3,248.70",56.99736836,,,,
11/23/92,"3,223.04","3,251.13","3,196.83","3,223.04",56.771824,,,,
11/20/92,"3,227.36","3,249.78","3,197.64","3,227.36",56.8098583,,,,
11/19/92,"3,209.53","3,231.14","3,190.35","3,209.53",56.65271397,,,,
11/18/92,"3,207.37","3,227.09","3,176.84","3,207.37",56.63364724,,,,
11/17/92,"3,193.32","3,223.31","3,178.19","3,193.32",56.50946823,,,,
11/16/92,"3,205.74","3,241.41","3,191.16","3,205.74",56.61925468,,,,
11/13/92,"3,233.03","3,252.48","3,211.69","3,233.03",56.85973971,,,,
11/12/92,"3,239.79","3,264.91","3,214.39","3,239.79",56.91915319,,,,
11/11/92,"3,240.33","3,258.70","3,203.31","3,240.33",56.92389656,,,,
11/10/92,"3,225.47","3,268.15","3,212.50","3,225.47",56.79322143,,,,
11/9/92,"3,240.87","3,268.69","3,220.33","3,240.87",56.92863954,,,,
11/6/92,"3,240.06","3,264.64","3,216.82","3,240.06",56.92152493,,,,
11/5/92,"3,243.84","3,259.78","3,203.58","3,243.84",56.95471886,,,,
11/4/92,"3,223.04","3,274.10","3,211.15","3,223.04",56.771824,,,,
11/3/92,"3,252.48","3,285.44","3,226.82","3,252.48",57.03051815,,,,
11/2/92,"3,262.21","3,274.64","3,211.42","3,262.21",57.11575965,0.003121538,7.4,,
10/30/92,"3,226.28","3,260.59","3,208.45","3,226.28",56.80035211,,,,
10/29/92,"3,246.27","3,268.96","3,224.39","3,246.27",56.9760476,,,,
10/28/92,"3,251.40","3,262.48","3,210.34","3,251.40",57.02104875,,,,
10/27/92,"3,235.73","3,270.31","3,210.88","3,235.73",56.88347739,,,,
10/26/92,"3,244.11","3,256.00","3,190.08","3,244.11",56.95708911,,,,
10/23/92,"3,207.64","3,233.57","3,175.76","3,207.64",56.63603093,,,,
10/22/92,"3,200.88","3,221.14","3,162.79","3,200.88",56.57632013,,,,
10/21/92,"3,187.10","3,211.69","3,163.33","3,187.10",56.45440638,,,,
10/20/92,"3,186.02","3,223.31","3,166.30","3,186.02",56.44484033,,,,
10/19/92,"3,188.45","3,211.15","3,154.14","3,188.45",56.46636167,,,,
10/16/92,"3,174.41","3,203.85","3,123.89","3,174.41",56.3419027,,,,
10/15/92,"3,174.68","3,207.37","3,147.66","3,174.68",56.34429874,,,,
10/14/92,"3,195.48","3,225.74","3,167.11","3,195.48",56.52857684,,,,
10/13/92,"3,201.42","3,222.77","3,159.28","3,201.42",56.58109225,,,,
10/12/92,"3,174.41","3,186.29","3,140.10","3,174.41",56.3419027,,,,
10/9/92,"3,136.58","3,176.57","3,120.37","3,136.58",56.00517833,,,,
10/8/92,"3,176.03","3,195.48","3,135.77","3,176.03",56.35627738,,,,
10/7/92,"3,152.25","3,200.88","3,136.85","3,152.25",56.14490182,,,,
10/6/92,"3,178.19","3,205.20","3,147.93","3,178.19",56.37543791,,,,
10/5/92,"3,179.00","3,197.10","3,087.41","3,179.00",56.38262144,,,,
10/2/92,"3,200.61","3,259.51","3,193.59","3,200.61",56.57393393,,,,
10/1/92,"3,254.37","3,291.39","3,237.35","3,254.37",57.04708582,-0.004957959,7.3,,
9/30/92,"3,271.66","3,291.66","3,247.89","3,271.66",57.19842655,,,,
9/29/92,"3,266.80","3,295.98","3,247.08","3,266.80",57.15592708,,,,
9/28/92,"3,276.26","3,283.01","3,226.55","3,276.26",57.23862332,,,,
9/25/92,"3,250.32","3,292.20","3,226.82","3,250.32",57.01157777,,,,
9/24/92,"3,287.87","3,310.84","3,267.07","3,287.87",57.33995117,,,,
9/23/92,"3,278.69","3,302.19","3,252.48","3,278.69",57.25984631,,,,
9/22/92,"3,280.85","3,327.05","3,270.58","3,280.85",57.27870459,,,,
9/21/92,"3,320.83","3,341.91","3,295.71","3,320.83",57.62664314,,,,
9/18/92,"3,327.05","3,340.56","3,297.87","3,327.05",57.68058599,,,,
9/17/92,"3,315.70","3,347.04","3,292.20","3,315.70",57.58211528,,,,
9/16/92,"3,319.21","3,353.52","3,288.95","3,319.21",57.61258543,,,,
9/15/92,"3,327.32","3,372.98","3,317.86","3,327.32",57.68292642,,,,
9/14/92,"3,376.22","3,391.35","3,326.51","3,376.22",58.10524933,,,,
9/11/92,"3,305.70","3,327.32","3,285.44","3,305.70",57.49521719,,,,
9/10/92,"3,305.16","3,318.94","3,261.67","3,305.16",57.49052096,,,,
9/9/92,"3,271.39","3,284.09","3,244.92","3,271.39",57.1960663,,,,
9/8/92,"3,260.59","3,292.20","3,245.73","3,260.59",57.10157616,,,,
9/4/92,"3,281.93","3,306.23","3,265.16","3,281.93",57.28813141,,,,
9/3/92,"3,292.20","3,325.95","3,268.94","3,292.20",57.37769602,,,,
9/2/92,"3,290.31","3,301.90","3,249.76","3,290.31",57.36122384,,,,
9/1/92,"3,266.26","3,279.21","3,239.77","3,266.26",57.15120296,,,,